-- MySQL dump 10.13  Distrib 5.7.28, for Linux (x86_64)
--
-- Host: localhost    Database: checkin
-- ------------------------------------------------------
-- Server version	5.7.28-0ubuntu0.18.04.4

/*!40101 SET @OLD_CHARACTER_SET_CLIENT=@@CHARACTER_SET_CLIENT */;
/*!40101 SET @OLD_CHARACTER_SET_RESULTS=@@CHARACTER_SET_RESULTS */;
/*!40101 SET @OLD_COLLATION_CONNECTION=@@COLLATION_CONNECTION */;
/*!40101 SET NAMES utf8 */;
/*!40103 SET @OLD_TIME_ZONE=@@TIME_ZONE */;
/*!40103 SET TIME_ZONE='+00:00' */;
/*!40014 SET @OLD_UNIQUE_CHECKS=@@UNIQUE_CHECKS, UNIQUE_CHECKS=0 */;
/*!40014 SET @OLD_FOREIGN_KEY_CHECKS=@@FOREIGN_KEY_CHECKS, FOREIGN_KEY_CHECKS=0 */;
/*!40101 SET @OLD_SQL_MODE=@@SQL_MODE, SQL_MODE='NO_AUTO_VALUE_ON_ZERO' */;
/*!40111 SET @OLD_SQL_NOTES=@@SQL_NOTES, SQL_NOTES=0 */;

--
-- Table structure for table `apresentacao`
--

DROP TABLE IF EXISTS `apresentacao`;
/*!40101 SET @saved_cs_client     = @@character_set_client */;
/*!40101 SET character_set_client = utf8 */;
CREATE TABLE `apresentacao` (
  `id` int(11) NOT NULL AUTO_INCREMENT,
  `titulo` varchar(200) DEFAULT NULL,
  `trilha_id` int(11) DEFAULT NULL,
  `cronograma_id` int(11) DEFAULT NULL,
  `sala_id` int(11) DEFAULT NULL,
  `hora_inicio` time DEFAULT NULL,
  `hora_fim` time DEFAULT NULL,
  `is_deleted` tinyint(1) DEFAULT '0',
  `ocs_pub_id` int(11) DEFAULT NULL,
  PRIMARY KEY (`id`),
  KEY `trilha_id` (`trilha_id`),
  KEY `cronograma_id` (`cronograma_id`),
  KEY `sala_id` (`sala_id`),
  CONSTRAINT `apresentacao_ibfk_1` FOREIGN KEY (`trilha_id`) REFERENCES `trilha` (`id`),
  CONSTRAINT `apresentacao_ibfk_2` FOREIGN KEY (`cronograma_id`) REFERENCES `cronograma` (`id`),
  CONSTRAINT `apresentacao_ibfk_3` FOREIGN KEY (`sala_id`) REFERENCES `sala` (`id`)
) ENGINE=InnoDB AUTO_INCREMENT=329 DEFAULT CHARSET=utf8;
/*!40101 SET character_set_client = @saved_cs_client */;

--
-- Dumping data for table `apresentacao`
--

LOCK TABLES `apresentacao` WRITE;
/*!40000 ALTER TABLE `apresentacao` DISABLE KEYS */;
INSERT INTO `apresentacao` VALUES (1,'O Professor De Língua Portuguesa E Seu Olhar Sobre O Papel Do Livro Didático Na Sua Prática Pedagógica',1,NULL,1,'09:50:00','10:05:00',0,429),(2,'A Poesia De Cordel Com Protagonismo De Personagens Femininas Enquanto Ícones Da Cultura Do Povo Negro :carolina Maria De Jesus',1,NULL,3,'10:50:00','11:05:00',0,450),(3,'A Literatura De Mia Couto E A Questão Identitária Na Lei 10693/03',1,NULL,3,'09:50:00','10:05:00',0,430),(4,'Ifnews: Relato De Experiência De Um Jornal Escolar No Ifpb Campus Guarabira',1,NULL,1,'10:10:00','10:25:00',0,422),(5,'O Haicai Em Sala De Aula – Uma Proposta De Leitura Poética',1,NULL,6,'14:00:00','16:00:00',0,447),(6,'Questões Sobre Autobiografia E Autoficção: Limites Entre O Real E O Inventado Na Literatura Brasileira Contemporânea',1,NULL,3,'14:00:00','16:00:00',0,418),(7,'Oficina De Redação Criativa: Desvendando Os Mistérios Da Escrita Na Teoria E Na Prática',1,NULL,8,'14:00:00','16:00:00',0,452),(8,'Augusto Dos Anjos E Ascendino Leite: A Representação Do Amor E Do \"ser Leitor\" Na Literatura Paraibana',1,NULL,7,'14:00:00','16:00:00',0,451),(9,'O Uso Das Estratégias Metacognitivas De Leitura Em Textos Técnicos: Um Caminho Para A Proficiência Leitora Na Educação Profissional',1,NULL,1,'14:00:00','16:00:00',0,415),(10,'Prática De Escrita De Textos Argumentativos No Ifpb – Campus Princesa Isabel',1,NULL,1,'10:50:00','11:05:00',0,431),(11,'O Texto Dramático De Lourdes Ramalho Na Sala De Aula: Uma Proposta Interativa Com \"a Feira\"',1,NULL,3,'10:30:00','10:45:00',0,432),(12,'As Marcas Da Memória Discursiva Na Construção Do Argumento Publicitário',1,NULL,2,'10:30:00','10:45:00',0,454),(13,'Estratégias Metacognitivas De Leitura: Um Caminho Para Proficiência Leitora',1,NULL,2,'09:30:00','09:45:00',0,423),(14,'Literatura De Autoria Feminina: Temáticas Subversivas',1,NULL,2,'14:00:00','16:00:00',0,416),(15,'A Conversação No Whatsapp: Estratégias De Construção Do Texto Oral E Negociação De Sentidos',1,NULL,4,'14:00:00','16:00:00',0,419),(16,'Intertextualidade Bíblica Em Textos Publicitários: Uma Análise Discursiva',1,NULL,1,'10:30:00','10:45:00',0,433),(17,'Ciência E Poesia: Reflexões Sobre A Poesia Científica De Augusto Dos Anjos',1,NULL,3,'10:10:00','10:25:00',0,424),(18,'\"fala A Minha Língua\": Uma Análise Discursiva Do Uso De Gírias Nas Propagandas Do Ministério Da Justiça Contra O Consumo De Bebida Alcoólica',1,NULL,1,'09:30:00','09:45:00',0,434),(19,'Texto Poético: Prática De Leitura E Escrita – Blog – Ferramenta Didádico – Pedagógica',1,NULL,1,'15:20:00','15:35:00',0,435),(20,'Augusto Dos Anjos: Olhares E Propostas Acerca Da Poesia Do Livro \"eu\" Na Sala De Aula',1,NULL,1,'14:00:00','14:15:00',0,436),(21,'A Observação Como Técnica De Avaliação Do Ensino De Língua Portuguesa',1,NULL,2,'09:50:00','10:05:00',0,438),(22,'Jornal Como Fonte De Pesquisa Para A Literatura E Para A História Cultural',1,NULL,5,'14:00:00','16:00:00',0,421),(23,'Paulo Sacaldassy E O Texto Dramático: Desafios Do Teatro Livre Na Sala De Aula',1,NULL,1,'15:00:00','15:15:00',0,439),(24,'As Imagens E Sua Influência Na Atividade De Leitura No Ensino De Línguas',1,NULL,9,'14:00:00','16:00:00',0,453),(25,'O \"eu\" Na Sala De Aula: Uma Proposta De Trabalho Com A Poesia De Augusto Dos Anjos',1,NULL,3,'09:30:00','09:45:00',0,440),(26,'O Ensino De Línguas Para Pessoas Na Maturidade:motivações Desafios E Encantamnetos',1,NULL,2,'10:10:00','10:25:00',0,441),(27,'Abordagem Do Gênero Textual: Crônica Numa Coleção De Livros Didáticos Destinada Ao Ensino Fundamental',1,NULL,1,'11:10:00','11:25:00',0,442),(28,'O Dilema De Zefinha: A Materialidade Tática Da Escrita No Conto Boas Notícias',1,NULL,2,'15:00:00','15:15:00',0,446),(29,'\"amar E Malamar\": A Reconstrução Identitária De Mocinha Do Conto Olhares De Maria Valéria Rezende',1,NULL,2,'14:00:00','14:15:00',0,445),(30,'As Dores Da Velhice: A Mulher Entre A Juventude A Arte E O Sexo',1,NULL,1,'14:40:00','14:55:00',0,444),(31,'Pelos Suportes Do Intimismo Literário De Ascendino Leite',1,NULL,2,'14:20:00','14:35:00',0,443),(32,'Representações Do Empoderamento Feminino Em As Crônicas De Gelo E Fogo De George R R Martin',1,NULL,2,'14:40:00','14:55:00',0,437),(33,'Um Estudo Sobre A Mulherartista Nos Romances O Quarto Fechado E As Horas Nuas',1,NULL,1,'14:20:00','14:35:00',0,425),(34,'Proposta De Redução Do Consumo De Água Potável Pelo Viés Da Manutenção Preventiva',1,2,18,'14:00:00','14:50:00',0,833),(35,'Proposta De Projeto Do Uso Nobre Das águas Pluviais Na Escola: Divino Mestre',1,2,19,'14:00:00','14:50:00',0,636),(36,'Estudo De Alvenarias Mais Sustentáveis Para O Projeto Escola Divino Mestre',1,2,20,'14:00:00','14:50:00',0,615),(37,'Plano De Manutenção Sustentável Das Instalações Hidrossanitárias Para O Projeto Escola Em Sustentabilidade: Divino Mestre',1,2,21,'14:00:00','14:50:00',0,791),(38,'Levantamento De Ambientes Fitofisionã\"micos E Avifauna Na Reserva Estadual Mata Do Pau Ferro',1,2,20,'10:00:00','10:50:00',0,557),(39,'Desenvolvimento De Um Medidor De Iluminância De Baixo Custo Utilizando Fototransistor Til78',1,2,25,'15:00:00','15:50:00',0,517),(40,'Estudo Das Propriedades E Caracterização De Fios E Molas De Ligas Com Memória De Forma',1,2,26,'15:00:00','15:50:00',0,583),(41,'Desempenho Fitotécnico De Duas Cultivares De Alfaces Crespas Produzidas Com Fertilização À Base De Urina De Vaca',1,2,20,'09:00:00','09:50:00',0,637),(42,'Superhífen Língua Portuguesa Tecnologia E Aprendizagem',1,2,29,'11:00:00','11:50:00',0,602),(43,'Diagnóstico De Dermatofitose Em Cães E Gatos No Sertão Da Paraíba Brasil',1,2,47,'09:00:00','09:50:00',0,663),(44,'O Feedback Nas Aulas De Inglês',1,3,18,'11:00:00','11:50:00',0,567),(45,'Avaliação Do Teor De Glaciamento De Filés De Peixe Congelados Comercializados No Município De Cabedelopb',1,2,21,'09:00:00','09:50:00',0,638),(46,'A Importância Da Qualidade Da Água Na Flotação De Quartzo Com Amina',1,2,18,'11:00:00','11:50:00',0,505),(47,'Análise Dos Efeitos Dos Codecs De Áudio Na Avaliação De Desvios Vocais',1,2,27,'15:00:00','15:50:00',0,579),(48,'Elaboração E Análise Sensorial Da Linguiça De Frango Com Biomassa De Banana Anã E Prata Verde',1,2,18,'09:00:00','09:50:00',0,587),(49,'Utilização De Um Sistema De Destilação Com Materiais Alternativos Em Aulas Expositivas',1,2,22,'10:00:00','10:50:00',0,620),(50,'Kit Educacional Para Melhorias No Ensino Dos Circuitos Elétricos Básicos',1,3,18,'09:00:00','09:50:00',0,532),(51,'Diversidade De Peixes Em Ecossistemas Estuarinos Da Paraíba: Um Levantamento E Mapeamento De Pesquisas Conduzidas',1,2,23,'09:00:00','09:50:00',0,646),(52,'Composição E Abundância De Espécies Do Gênero Trachinotus Família: Carangidae Em Função Do Ciclo Lunar Na Praia Miramar Cabedelo Pb',1,2,24,'09:00:00','09:50:00',0,647),(53,'Redinamizações Territoriais Em Cidades Pequenas A Partir Da Implantação De Campus Dos Institutos Federais – Uma Proposição Investigativa',1,2,36,'16:00:00','16:50:00',0,590),(54,'Entre Desenvolvimento E Vulnerabilidade Socioambiental Em Cidades Pequenas',1,2,37,'16:00:00','16:50:00',0,591),(55,'O Problema Da Privacidade Na Filosofia Da Informação',1,2,38,'16:00:00','16:50:00',0,554),(56,'Avaliação Da Qualidade Da Gasolina Nos Postos Revendedores Da Cidade De Monteiro E Região',1,2,23,'10:00:00','10:50:00',0,499),(57,'As Mil E Uma Matemáticas A Matemática Nas Histórias De Malba Tahan',1,2,24,'10:00:00','10:50:00',0,586),(58,'Doce De Leite Adicionado Com Soro E Polpa De Pitanga: Elaboração E Análise Sensorial',1,2,19,'09:00:00','09:50:00',0,588),(59,'O Danceability Do Spotify Consegue Refletir A Opinião Dos Consumidores De Músicas De Forró',1,2,44,'14:00:00','14:50:00',0,750),(60,'Reestruturações Urbanas Na Cidade Intermediária Capitalista: Do Urbanismo Imobiliário Aos Exílios Periurbanos – Apontamentos Iniciais',1,2,39,'16:00:00','16:50:00',0,592),(61,'Aplicativo Android Para Detecção De Soluções Químicas Utilizando Processamento De Imagem',1,2,38,'14:00:00','14:50:00',0,540),(62,'Antenas Cpw De Banda Ultra Larga Para Sensoriamento Espectral Em Sistemas De Rádios Cognitivos',1,2,28,'15:00:00','15:50:00',0,576),(63,'Análise De Funcionamento Da Lei 11340/06 Lei Maria Da Penha Na Região Do Cariri Ocidental Paraibano',1,2,40,'16:00:00','16:50:00',0,570),(64,'Matemática Financeira Para O Ensino Médio: Conceitos Iniciais',1,2,47,'10:00:00','10:50:00',0,580),(65,'Análise Dos Espaços Públicos De Lazer No Município De Catolé Do Rochapb',1,2,37,'09:00:00','09:50:00',0,844),(66,'Avaliação Da Qualidade Vocal Através De Escalogramas Wavelet',1,2,29,'15:00:00','15:50:00',0,577),(67,'Criptografia: Uma Aplicação Do Estudo De Matrizes',1,3,19,'09:00:00','09:50:00',0,544),(68,'Atomicidade: Uma Abordagem Ambiental No Ensino De Química Para Uma Turma Do 1° Ano Do Ensino Médio',1,3,18,'10:00:00','10:50:00',0,563),(69,'Estudo De Argila Para Uso Em Adobe Utilizando Residuo De Caulim',1,2,22,'14:00:00','14:50:00',0,876),(70,'Projeto E Desenvolvimento De Uma Minibomba Peristáltica Linear Aplicada A Biosensores',1,2,19,'11:00:00','11:50:00',0,556),(71,'Estudo Do Desempenho De Um Concreto Contendo Dois Tipos De Resíduos Industriais',1,2,23,'14:00:00','14:50:00',0,792),(72,'Influência De Aditivos Químicos E Gesso Nas Propriedades De Ligantes A Base De Cal E Pozolana',1,2,24,'14:00:00','14:50:00',0,875),(73,'Impactos Decorrentes Da Urbanização Em Trechos Do Rio Jaguaribe Pb Identificação E Caracterização',1,2,30,'11:00:00','11:50:00',0,589),(74,'Ensino Experimental Na Área De Química: Oficinas De Cosméticos Com Foco Na Abordagem Ciência Tecnologia E Sociedade – Cts',1,3,19,'10:00:00','10:50:00',0,564),(75,'A Ludicidade Como Recurso Auxiliar Inclusivo No Conteúdo De Química Verde',1,3,20,'09:00:00','09:50:00',0,533),(76,'Sistema De Monitoramento Climáticos Em Assentamentos Rurais No Sertão Da Paraíba Utilizando Microcontroladores',1,2,30,'15:00:00','15:50:00',0,520),(77,'Mídias Digitais Ficção Científica E Ensino: A Utilização Do Podcast Como Ferramenta Para O Ensino De Física E Ciências',1,3,20,'10:00:00','10:50:00',0,773),(78,'Avaliação Preliminar De Parâmetros Físicoquímicos Da Água Do Maceió Paraibano Do Bessa',1,2,25,'10:00:00','10:50:00',0,692),(79,'Projeto De Reuso De águas Cinza Da Escola Divino Mestre',1,2,47,'14:00:00','14:50:00',0,839),(80,'A Construção De Um Shaker Com Materiais De Baixo Custo: Uma Alternativa Metodológica De Aprendizagem',1,2,26,'10:00:00','10:50:00',0,621),(81,'Ética & Tecnologia Na Série Black Mirror',1,2,41,'16:00:00','16:50:00',0,568),(82,'A Questão Da Interdisciplinaridade No Ensino De Matemática E Química: Um Estudo De Caso',1,2,27,'10:00:00','10:50:00',0,716),(83,'Avaliação Da Água Do Maceió Paraibano De Intermares Quanto A Parâmetros Físicoquímicos',1,2,28,'10:00:00','10:50:00',0,693),(84,'Análise Do Clima Organizacional No Ifpb Campus Guarabira – Pb',1,2,18,'16:00:00','16:50:00',0,457),(85,'Estudo Sobre O Perfil Empreendedor Coorporativo No Setor De Cosméticos Da Cidade De Guarabira Pb',1,2,19,'16:00:00','16:50:00',0,458),(86,'Utilização De Softwares Náuticos No Ensino Da Navegação Marítima',1,3,21,'10:00:00','10:50:00',0,607),(87,'Perfil Parasitário De Equídeos Carroceiros No Município De Sousa Paraíba',1,2,38,'09:00:00','09:50:00',0,630),(88,'Extração De Antocianina Da Casca E Polpa Do Jambolão Para Aplicação Em Alimentos',1,2,36,'09:00:00','09:50:00',0,813),(89,'Zabé Da Loca Sua Música Seu Legado',1,3,19,'11:00:00','11:50:00',0,572),(90,'Comparação Entre Métodos De Extração Do Óleo De Syagrus Cearensis',1,2,29,'10:00:00','10:50:00',0,582),(91,'Robótica Educacional: Uma Ferramenta Didática Para Cursos Técnicos',1,2,31,'15:00:00','15:50:00',0,521),(92,'Estudo Sobre Níveis De Stress Dos Trabalhadores Terceirizados Da Rede Federal De Ensino Na Paraíba – O Estado Da Arte',1,2,39,'09:00:00','09:50:00',0,797),(93,'Analisando O Impacto Da Migração Em Tempo Real De Servidores Web Em Máquinas Virtuais',1,2,21,'15:00:00','15:50:00',0,802),(94,'A Experimentação Como Instrumento Motivacional Para Discentes Da Educação Básica No Brasil',1,3,22,'10:00:00','10:50:00',0,593),(95,'O Aluno Ingresso E Sua Evasão No Curso De Licenciatura Em Matemática Do Ifpb/campus Cajazeiras',1,3,21,'09:00:00','09:50:00',0,546),(96,'Avaliação Do Conforto Térmico E Do Comportamento De Ovinos Criados No Semiárido Nordestino',1,2,22,'09:00:00','09:50:00',0,641),(97,'Avaliação Do Desempenho Dos Tipos De Cal Hidratada Vendida No Município De Princesa Isabel Para Uso Em Argamassas',1,2,25,'14:00:00','14:50:00',0,793),(98,'Analisando O Nível De Conhecimento De Alunos Ingressantes No Curso De Licenciatura Em Matemática Do Ifpb Campus Cajazeiras Acerca Do Conteúdo De Trigonometria',1,2,30,'10:00:00','10:50:00',0,812),(99,'Percepção Da Justiça Distributiva Dos Servidores Do Instituto Federal De Educação Ciência E Tecnologia Da Paraíba',1,2,42,'16:00:00','16:50:00',0,821),(100,'Laboratório Alternativo Portátil: Uma Ferramenta Facilitadora Para O Ensino De Química Nas Escolas De Ensino Médio Do Município De Monteiropb',1,2,31,'10:00:00','10:50:00',0,639),(101,'Análise Do Comportamento Anual Do Índice De Vegetação Por Diferença Normalizada No Sertão Pernambucano',1,2,32,'10:00:00','10:50:00',0,725),(102,'Percepção Da Justiça Procedimental Dos Servidores Do Instituto Federal De Educação Ciência E Tecnologia Da Paraíba',1,2,43,'16:00:00','16:50:00',0,822),(103,'Avaliação Técnica Da Frota Pesqueira Do Terminal Público Pesqueiro De Cabedelo Pb',1,2,25,'09:00:00','09:50:00',0,664),(104,'A Construção De Estação De Tratamento Móvel De Água A Partir De Paletes E Garrafões De Água Mineral E Sua Aplicabilidade Em Comunidades Ribeirinhas',1,2,44,'16:00:00','16:50:00',0,734),(105,'Substituição Da Areia Natural Pelo Resíduo De Britagem No Processo De Fabricação Do Concreto',1,2,26,'14:00:00','14:50:00',0,616),(106,'Eficácia De Antihelmínticos No Controle De Parasitas Gastrintestinais De Ovinos Na Microrregião De Sousa',1,2,26,'09:00:00','09:50:00',0,666),(107,'Otimização Do Método Áreavelocidade Com Ajuste Dos Perfis Hidrodinâmicos Para A Estimação Da Descarga Líquida Em Rios Por Meio De Técnicas Numéricas',1,2,27,'14:00:00','14:50:00',0,617),(108,'Parâmetros Físicos E Químicos Da Água De Um Poço Tubular Localizado No Sítio Fortuna No Município De Soledadepb',1,2,31,'09:00:00','09:50:00',0,674),(109,'Análises Físicoquímicas Da Água Para Identificação E Caracterização Dos Impactos Ambientais Em Trechos Do Rio Jaguaribe Pb',1,2,31,'11:00:00','11:50:00',0,571),(110,'Práticas Corporais Para Idosos: Uma Análise Da Produção Científica',1,2,40,'09:00:00','09:50:00',0,623),(111,'Adição De Resíduos Reciclados De Construção E Demolição Na Produção De Argamassas Sustentáveis',1,2,32,'15:00:00','15:50:00',0,541),(112,'Tratamento De Água Subterrânea Usando O Carvão Ativado Do Mesocarpo Do Cocodabaía',1,2,33,'10:00:00','10:50:00',0,648),(113,'¬aplicação De Um Questionário E Avaliação Das Normas Da Wcag Para Especificação Da Acessibilidade Em Ambientes Virtuais De Ensino Dos Institutos Federais',1,2,32,'11:00:00','11:50:00',0,599),(114,'Influência Do Revestimento Comestível À Base De Fécula De Mandioca E Óleo Essencial Na Conservação De Queijo Minas Frescal',1,2,27,'09:00:00','09:50:00',0,667),(115,'Análise Exploratória De Metais No Parque Lauro Pires Xavier João Pessoapb Empregando Pca',1,2,34,'10:00:00','10:50:00',0,808),(116,'Registro Da Memória Musical Monteirense: Acervo Digital',1,2,33,'11:00:00','11:50:00',0,760),(117,'Ferramental Integrado Para Elaboração Aplicação E Análise De Autoavaliações Institucionais Em Conformidade Com O Sinaes',1,2,22,'15:00:00','15:50:00',0,803),(118,'Transfiguração Conceitual: Contribuições De Ferramentas Didáticas No Ensino De Química',1,3,23,'10:00:00','10:50:00',0,584),(119,'A Construção De Estação De Tratamento Móvel De Água A Partir De Paletes E Garrafões De Água Mineral E Sua Aplicabilidade Em Comunidades Ribeirinhas',1,2,35,'10:00:00','10:50:00',0,702),(120,'Implementação De Filtros Digitais Utilizando A Plataforma Arduino Para As Aulas De Processamento Digital De Sinais',1,2,33,'15:00:00','15:50:00',0,807),(121,'Fractais E Sua Relação Com Os Conteúdos Matemáticos Do Ensino Médio',1,3,24,'10:00:00','10:50:00',0,679),(122,'Proposta De Tratamento Dos Esgotos Lançados No Terreno Da Escola Divino Mestre',1,2,28,'14:00:00','14:50:00',0,843),(123,'Conhecimento Tradicional: Plantas Utilizadas Por Populações Quilombolas E Assentamentos Rurais Do Município De Catolé Do Rochapb Para Previsão De Estações Chuvosas E/ou Estiagem',1,2,18,'10:00:00','10:50:00',0,530),(124,'Descarte Limpo De Resíduos Sólidos Originários Da Cadeia Têxtil Do Município De Itaporangapb Visando À Proteção Ambiental',1,2,24,'11:00:00','11:50:00',0,525),(125,'Desenvolvimento De Metodologia De Retenção De Rejeitos Em Lavras De Garimpo A Céu Aberto Com Plantas Xerófilas',1,2,34,'09:00:00','09:50:00',0,687),(126,'Desenvolvimento De Metodologias De Recuperação De Áreas Degradadas No Seridó Paraibano Aplicando Técnicas De Nucleação Biológica Com Cactaceae E Euphobiaceae',1,2,34,'11:00:00','11:50:00',0,559),(127,'Identidade: Investigações Preliminares Sobre A Licenciatura Em Letras Modalidade A Distância No Ifpb',1,3,20,'11:00:00','11:50:00',0,624),(128,'Produção Legislativa Da Câmara De Vereadores Do Município De Itaporangapb',1,2,45,'16:00:00','16:50:00',0,857),(129,'Ensino De Programação Para Crianças E Adolescentes: Um Estudo Exploratório',1,2,41,'14:00:00','14:50:00',0,632),(130,'Integração De Discente Do Curso Técnico De Edificações Em Ambiente De Atuação Profissional',1,3,47,'10:00:00','10:50:00',0,631),(131,'Estudo Comparativo Sobre A Preparação De Conselhos De Classe Como Processo De Gestão Pedagógica Da Indisciplina Escolar',1,3,22,'09:00:00','09:50:00',0,534),(132,'Desenvolvimento De Aplicativo Para Pesquisa De Informações Sobre Permeação Por Hidrogênio Em Aços',1,2,35,'11:00:00','11:50:00',0,500),(133,'O Uso De Ferramentais Digitais Como Objeto De Aprendizagem No Ensino De Desenho Técnico Mecânico',1,3,25,'10:00:00','10:50:00',0,585),(134,'Utilização Da Metodologia Dns Para Determinação De Açúcares Redutores Residuais Do Processo De Fermentação Alcoólica',1,2,20,'11:00:00','11:50:00',0,504),(135,'Características E Propriedades Dos Solos Relevantes Para A Destinação Final Do Esgoto Sanitário',1,2,29,'14:00:00','14:50:00',0,715),(136,'Conhecer Para Ensinar: A Relação Do Aluno De Desenho Básico E Técnico Com Os Conhecimentos Fundamentais De Geometria E Matemática',1,3,26,'10:00:00','10:50:00',0,633),(137,'O Perfil Socioeconômico Do Aluno Ingressante No Curso Técnico De Edificações: Aportes De Um Instrumento De Pesquisa No Ifpb Catolé Do Rocha',1,3,27,'10:00:00','10:50:00',0,680),(138,'Estudos De Cultura Material: Testemunhos Históricos E Arquitetônicos De Santa Rita 17001930',1,2,46,'16:00:00','16:50:00',0,858),(139,'Como As Ferramentas De Busca Influenciam As Práticas Dos Usuários',1,2,18,'15:00:00','15:50:00',0,761),(140,'Modelagem Da Condutividade Térmica De Nanotubos',1,2,36,'10:00:00','10:50:00',0,694),(141,'Investigação Das Causas De Perdas Nos Canteiros De Obra Do Município De Picuípb E Carnaúba Dos Dantasrn E Implantação De Melhorias',1,2,47,'11:00:00','11:50:00',0,597),(142,'Caracterização Do Controle De Rhipicephalus Microplus Carrapatodoboi No Semiárido Paraibano',1,2,28,'09:00:00','09:50:00',0,670),(143,'Modelmine: Incentivo Às Práticas De Divulgação E Ensino Da Aplicação Das Geociências',1,3,23,'09:00:00','09:50:00',0,830),(144,'Avaliação Da Qualidade Reprodutiva Do Camarão Litopenaeus Vannamei Em Sistema De Maturação Comercial',1,2,29,'09:00:00','09:50:00',0,671),(145,'Análise Sobre A Aplicação Do Regulamento Técnico Da Qualidade Para Eficiência Energética De Edifícios Públicos: Estudo De Caso No Sertão Da Paraíba',1,2,30,'14:00:00','14:50:00',0,811),(146,'Previsão Automática De Evasão Estudantil Nos Cursos Do Ifpb',1,2,45,'14:00:00','14:50:00',0,751),(147,'O Perfil Leitor Dos Alunos Dos Cursos Integrados Do Instituto Federal Da Paraíba No Campus Picuí',1,3,21,'11:00:00','11:50:00',0,528),(148,'Os Sentidos Do Cuidar: Percepção De Idosos E Profissionais Envolvidos',1,2,41,'09:00:00','09:50:00',0,739),(149,'Uso De Projetos Em Aulas Do Ifpb: Uma Análise Sob A Ótica Da Aprendizagem Baseada Em Projetos A Das Competências Do Sec Xxi',1,3,24,'09:00:00','09:50:00',0,535),(150,'A Gestão Ambiental Do Tambaú Hotel João Pessoa Pb',1,2,36,'11:00:00','11:50:00',0,539),(151,'Otimização Do Processo De Redução Espacial De Vídeos Em Ultra High Definition',1,2,34,'15:00:00','15:50:00',0,841),(152,'Dispositivo De Geolocalização Embarcado Com Microcontrolador Arduino Monitorado Por Aplicativo Android',1,2,23,'15:00:00','15:50:00',0,804),(153,'Dados Parciais Sobre A Percepção Ambiental De Estudantes Do Ensino Médio Técnico Integrado Na Cidade De Itabaiana – Pb',1,2,19,'10:00:00','10:50:00',0,531),(154,'Caracterização Físicoquímica E Bacteriológica Da Água Dos Poços Artesianos Da Área Urbana Do Município De Itaporanga – Pb',1,2,37,'11:00:00','11:50:00',0,511),(155,'Inovação Educacional Aberta De Base Tecnológica: Uma Proposta Para O Ensino Apoiado Em Tecnologias Emergentes',1,3,47,'09:00:00','09:50:00',0,566),(156,'Contando Mulheres: Contabilizando Designers Gráficas Registradas Em Catálogos Das Bienais Da Adg Brasil',1,2,20,'16:00:00','16:50:00',0,459),(157,'Resolução De Sistemas Lineares De Edos De Primeira Ordem Por Meio De Autovalores E Autovetores',1,2,37,'10:00:00','10:50:00',0,649),(158,'Uma Ferramenta De Gestão De Currículos Acadêmicos Para Análise De Produção Acadêmica',1,2,42,'14:00:00','14:50:00',0,656),(159,'Análise Da Eficiência De Estratégias De Publicação Na Mídia Social Facebook',1,2,21,'16:00:00','16:50:00',0,460),(160,'Identificação Da Macrofauna Decompositora De Serrapilheira Em Fazendas Rurais Do Município De Picuí – Pb',1,2,38,'10:00:00','10:50:00',0,650),(161,'Desenvolvimento De Um Sistema Para Caracterização Da Eficiência Da Conversão Eletromecânica Em Geradores De Energia Piezoelétricos',1,2,38,'11:00:00','11:50:00',0,509),(162,'Intervenção No Bairro Altiplano Cabo Branco Para A Concepção De Um Parque Linear E Requalificação Da Praça José Targino',1,2,22,'16:00:00','16:50:00',0,629),(163,'Projeto De Tratamento Dos Esgotos Primários Da Escola Divino Mestre',1,2,31,'14:00:00','14:50:00',0,823),(164,'Welma Geane Rodrigues Dos Santos',1,3,22,'11:00:00','11:50:00',0,614),(165,'Uma Metodologia Alternativa Para O Ensino De Introdução À Programação',1,2,46,'14:00:00','14:50:00',0,752),(166,'Um Estudo Sobre Os Egressos De Análise E Desenvolvimento De Sistemas Do Ifpb Campus Monteiro',1,2,19,'15:00:00','15:50:00',0,777),(167,'Avaliação Do Uso De Plantas Medicinais Pelos Usuários Do Sus No Município De Monteiro Pb: Estudo Etnobotânico',1,2,42,'09:00:00','09:50:00',0,608),(168,'Uma Ferramenta Computacional De Apoio Ao Planejamento Execução E Avaliação De Aprendizagem Baseada Em Projetos',1,3,25,'09:00:00','09:50:00',0,536),(169,'Tabela Periódica Inovadora',1,2,35,'15:00:00','15:50:00',0,732),(170,'Estratégias Maternas Para A Consolidação Da Referência Linguística Em Contextos De Atenção Conjunta',1,3,23,'11:00:00','11:50:00',0,506),(171,'Estudo Exploratório Sobre Os Riscos Ergonômicos Existentes Em Obras Na Cidade De Frei Martinho Pb',1,2,25,'11:00:00','11:50:00',0,515),(172,'Avaliação Antropométrica Dos Alunos Dos Cursos Técnicos Integrados Ao Ensino Médio Do Ifpb',1,2,26,'11:00:00','11:50:00',0,569),(173,'Emprego De Técnica Fluidodinâmica Computacional Para Investigação De Vazamento De Gás De Cozinha Em Apartamento',1,2,21,'11:00:00','11:50:00',0,508),(174,'Projeto A Tua Ação Sustentável: Agroecologia Na Comunidade Rio Do Meio I Em Bayeux/pb',1,2,32,'14:00:00','14:50:00',0,659),(175,'A Década De 1940: Uma Retrospectiva Histórica E Seus Reflexos Na Educação Brasileira',1,3,26,'09:00:00','09:50:00',0,538),(176,'Comprometimento Organizacional Dos Servidores Do Instituto Federal Da Paraíba',1,2,23,'16:00:00','16:50:00',0,462),(177,'Integração Entre Os Alunos Do Ifpbcampus Cabedelo Com Alunos De Escola Municipal Através De Ações De Educação E Comunicação',1,2,39,'11:00:00','11:50:00',0,549),(178,'Água: Economizar Para Não Desperdiçar Reutilização De Água Nos Banheiros Residenciais E Filtragem Da Água Dos Lava Jatos',1,2,24,'16:00:00','16:50:00',0,463),(179,'O Perfil Leitor Dos Alunos Dos Cursos Subsequentes Do Instituto Federal Da Paraíba No Campus Picuí',1,3,24,'11:00:00','11:50:00',0,809),(180,'Monitoramento Veicular Via Sms',1,2,36,'15:00:00','15:50:00',0,785),(181,'Análise Dos Fatores Associados Ao Erro Humano No Manejo De Processos Automatizados',1,2,40,'11:00:00','11:50:00',0,542),(182,'Estudo Sobre O Sistema Comércio Justo E Solidário No Brasil',1,2,47,'16:00:00','16:50:00',0,464),(183,'A Fraternidade Cristã De Pessoas Com Deficiência Fcd: Experiência De Economia Solidária Na Cidade De Guarabira Pb',1,2,25,'16:00:00','16:50:00',0,465),(184,'Visualização De Dados Sobre Arboviroses: Um Estudo Sobre Os Formatos De Apresentação Dos Dados Para Gestores De Saúde',1,2,24,'15:00:00','15:50:00',0,805),(185,'Análise Do Plano Municipal De Saneamento Básico Da Cidade De Monteiropb Por Meio Da Matriz Swot',1,2,41,'11:00:00','11:50:00',0,524),(186,'Avaliação Da Influência Da Geometria Do Pino Da Ferramenta De Soldagem Por Atrito Na Resistência À Tração De Juntas Soldadas De Liga De Alumínio Pelo Processo Fsw',1,2,27,'11:00:00','11:50:00',0,519),(187,'Sistema Eletrônico De Alarme Escolar',1,2,22,'11:00:00','11:50:00',0,503),(188,'Construção De Um Robô Controlado Remotamente Para Aplicação Em Áreas De Risco',1,2,37,'15:00:00','15:50:00',0,611),(189,'Mapeando Os Empreendimentos Solidários Da Cidade De Guarabira Pb: Estudo De Caso Na Typographia Souza\'s Graf',1,2,26,'16:00:00','16:50:00',0,466),(190,'Construção De Um Robô Para Auxiliar No Processo De Aprendizagem',1,2,38,'15:00:00','15:50:00',0,612),(191,'Percepção Ambiental Do Uso De Agrotóxicos Por Agricultores Da Comunidade De Águas Turvas Situada Na Bacia Do Rio Gramamejoão Pessoa –pb',1,2,39,'10:00:00','10:50:00',0,700),(192,'Braço Manipulador Com Mapeamento De Posição E Aplicação De Controle Pid',1,2,39,'15:00:00','15:50:00',0,578),(193,'Investigação De Parâmetros Físicoquímicos E Microbiológicos De Qualidade Da Água De Poços No Município De Sousapb Para Fins De Potabilidade',1,2,40,'10:00:00','10:50:00',0,726),(194,'Gerenciamento Dos Resíduos Sólidos De Saúde No Hospital Veterinário Do Ifpb',1,2,35,'09:00:00','09:50:00',0,688),(195,'Fibras De Sisal: Características Físicas E Potencial De Aplicação Na Construção Civil',1,2,33,'14:00:00','14:50:00',0,845),(196,'A Relação Entre A Norma Padrão Culta Da Língua Portuguesa E A Sociolinguística Variacionista – Teoria Da Variação E Mudança',1,3,47,'11:00:00','11:50:00',0,755),(197,'It Girls: Uma Análise Acerca Da Inserção Feminina No Curso De Análise E Desenvolvimento De Sistemas Do Ifpb Campus Monteiro',1,2,39,'14:00:00','14:50:00',0,548),(198,'Sistema De Iluminação Sustentável Para Ambientes Confinados Por Meio De Fibras Ópticas',1,2,34,'14:00:00','14:50:00',0,842),(199,'Flexão De Número Dos Nomes Substantivo E Adjetivo Em Língua Portuguesa: O Que Herdamos Do Latim',1,3,25,'11:00:00','11:50:00',0,764),(200,'Influência Da Geometria Na Estrutura Eletrônica Em Nanotubos',1,2,41,'10:00:00','10:50:00',0,651),(201,'Análise De Viabilidade Da Automação Residencial Em Cidades De Pequeno Porte Na Percepção Dos Potenciais Usuários',1,2,27,'16:00:00','16:50:00',0,469),(202,'Modelos Tridimensionais De Papel Como Assistentes Metodológicos No Ensino E Aprendizagem De Desenho Técnico',1,3,28,'10:00:00','10:50:00',0,640),(203,'Análise Da Relação Entre Acidentes Quase Acidentes E Adequação Dos Canteiros De Obra À Norma Nr18: Enfoque Na Segurança E Saúde No Trabalho Em Picuípb',1,2,28,'11:00:00','11:50:00',0,516),(204,'Análise Da Eficiência Da Divulgação De Um Periódico Científico Nas Mídias Sociais E Seus Padrões De Uso',1,2,28,'16:00:00','16:50:00',0,470),(205,'Sistema Eletrônico De Alarme Escolar',1,2,40,'15:00:00','15:50:00',0,753),(206,'Análise Do Crescimento Urbano Da Cidade Da Cajazeiraspb Através De Imagens Do Rapideye',1,2,35,'14:00:00','14:50:00',0,735),(207,'Aplicação De Energia Solar Fotovoltaica No Bombeamento De Água',1,2,42,'11:00:00','11:50:00',0,514),(208,'Openuai: Aplicação Web Para Visualização De Dados Abertos Da Uai',1,2,43,'14:00:00','14:50:00',0,657),(209,'Identificação Da Macrofauna Edáfica Em Solos Áreas Degradadas Do Município De Picuí – Pb',1,2,33,'09:00:00','09:50:00',0,676),(210,'Análise Do Clima Organizacional No Instituto Federal Da Paraíba',1,2,29,'16:00:00','16:50:00',0,824),(211,'Identificação Da Macrofauna Decompositora De Serrapilheira Em Fazendas Rurais Do Município De Picuí – Pb',1,2,32,'09:00:00','09:50:00',0,675),(212,'Desenvolvimento De Um Aplicativo Para Sistematização De Regras De Ortografia Em Língua Portuguesa',1,3,29,'10:00:00','10:50:00',0,701),(213,'Flores De Vênus: Curso De Formação De Jovens Feministas E Mostra Cultural Feminista',1,2,30,'16:00:00','16:50:00',0,603),(214,'Projeto Sateliê Sala De Aula + Ateliê: Contribuição Para A Inclusão Através Da Capacitação Com Conhecimentos Do Design',1,2,43,'11:00:00','11:50:00',0,550),(215,'Método De Detecção De Placas De Carros Para O Estacionamento Do Ifpb Campus João Pessoa',1,2,40,'14:00:00','14:50:00',0,598),(216,'Idosos Mais Felizes: A Dança Como Ferramenta De Diminuição Das Doenças Psicossomáticas',1,2,43,'09:00:00','09:50:00',0,738),(217,'A Junção Das Ações Verbais E Não Verbais Para Consolidação Da Referência Linguística Em Cenas De Atenção Conjunta',1,3,26,'11:00:00','11:50:00',0,625),(218,'Blocgesso: Bloco De Gesso Com Adição De Resíduos Poliméricos De Eva',1,2,36,'14:00:00','14:50:00',0,860),(219,'Anteprojeto De Design De Interiores De Um Berçário Para Crianças De Até Três Anos De Idade Em Uma Igreja Evangélica De João Pessoa Pb',1,2,31,'16:00:00','16:50:00',0,847),(220,'Análise Da Exequibilidade Financeira E Logística De Um Sistema De Automação Residencial Para Público De Baixa Renda',1,2,44,'11:00:00','11:50:00',0,513),(221,'Movimenta Tibiri',1,2,44,'09:00:00','09:50:00',0,848),(222,'Viabilidade De Projetos De Automação Residencial Em Cidades De Pequeno Porte Na Percepção De Construtoras E Imobiliárias',1,2,32,'16:00:00','16:50:00',0,575),(223,'Avaliação De Técnicas De Detecção De Qualidade De Dados Em Redes Iot',1,2,41,'15:00:00','15:50:00',0,840),(224,'Amor De Perdição E Antígona: Um Olhar Sobre O Trágico',1,3,27,'11:00:00','11:50:00',0,837),(225,'Movimenta Tibiri',1,2,45,'09:00:00','09:50:00',0,849),(226,'Relação Entre O Perfil Do Empreendedor Corporativo E A Inovação Realizada Pelas Lojas De Cosméticos Na Microrregião De Guarabira',1,2,33,'16:00:00','16:50:00',0,609),(227,'Cartilha Educacional: Desenvolvimento Regularizado Da Mineração Em Pequena Escala Na Província Pegmatítica Da Borborema',1,3,27,'09:00:00','09:50:00',0,829),(228,'Avaliando Latência E Alcance Do Módulo Nrf24l01 Através De Arduino',1,2,42,'15:00:00','15:50:00',0,868),(229,'Tecnologias Emergentes E O Ensino: Novas Perspectivas Em Tecnologias Educacionais',1,3,30,'10:00:00','10:50:00',0,562),(230,'Arquitetura Bioclimática: Alguns Fundamentos Para Concepção De Projetos Arquitetônicos Em Uma Região Do Semiárido Brasileiro',1,2,37,'14:00:00','14:50:00',0,814),(231,'Desenvolvimento De Um Sistema Peristáltico De Bombeamento Usando Liga De Memória De Forma',1,2,43,'15:00:00','15:50:00',0,613),(232,'Utilizando Animações Digitais No Scratch: Desenvolvendo Processos Criativos De Ensinoaprendizagem',1,2,47,'15:00:00','15:50:00',0,806),(233,'Doença Do Edema Em Suínos Na Região Semiárida Da Paraíba',1,2,30,'09:00:00','09:50:00',0,673),(234,'Modelos De Redes Neurais Artificiais Aplicados À Previsão De Volume Do Reservatório Jatobá Ii Princesa Isabel Pb',1,2,42,'10:00:00','10:50:00',0,652),(235,'Dimensões Da Equidade Nas Aulas De Matemática',1,3,31,'10:00:00','10:50:00',0,573),(236,'Casa Inovadora O Crescimento Da Automação Residencial',1,2,45,'11:00:00','11:50:00',0,522),(237,'Desigualdades Uma Ferramenta Para Otimização',1,2,43,'10:00:00','10:50:00',0,754),(238,'Maturação De Oócitos Bovinos Sob Tensão Basal De Ar Ambiental',1,2,21,'10:00:00','10:50:00',0,558),(239,'Sensoriamento Espectral Da Faixa De Tv Digital Em Campina Grande Utilizando Um Rtlsdr',1,2,44,'15:00:00','15:50:00',0,871),(240,'Conceito De Corpo Na Percepção De Graduandos De Um Curso De Licenciatura Em Educação Física Do Sertão Paraibano',1,2,46,'09:00:00','09:50:00',0,846),(241,'Composição Arbórea Das Praças Públicas De Cajazeiraspb: A Importância Da Diversidade',1,2,34,'16:00:00','16:50:00',0,581),(242,'A Leitura De Tirinhas Em Um Livro Didático Destinado Ao 2° Ano Do Ensino Médio: A Relação Entre O Texto Verbal E Icônico',1,3,28,'11:00:00','11:50:00',0,529),(243,'Aquisição De Gêneros Orais: Considerações Sobre A Conversa Em Sala De Aula Na Educação Infantil',1,3,29,'11:00:00','11:50:00',0,756),(244,'Selecionador De Peças Metálicas Comandado Por Clp',1,2,45,'15:00:00','15:50:00',0,733),(245,'Ações De Educação E Comunicação Através Da Criação De Jogos Educativos',1,2,46,'11:00:00','11:50:00',0,510),(246,'Perguntas Sociais: Quais Elementos Do Título Podem Aumentar A Atratividade De Uma Pergunta',1,2,20,'15:00:00','15:50:00',0,778),(247,'Análise Da Adequação Estrutural Dos Imóveis Nas Cidades De Pequeno Porte Para A Implantação De Automação Residencial',1,2,35,'16:00:00','16:50:00',0,801),(248,'Estudo Do Desempenho Reológico E De Filtração De Fluidos De Perfuração Base Óleo Preparados Com Argilas Bentoníticas Provenientes Do Município De Boa Vistapb',1,2,23,'11:00:00','11:50:00',0,502),(249,'Spartacus - Segue Faixa',5,3,49,'09:00:00','16:00:00',0,0),(250,'Gear - Segue Faixa',5,3,49,'09:00:00','16:00:00',0,0),(251,'Gear - Local',5,2,49,'14:30:00','16:30:00',0,0),(252,'Gear - Internet',5,2,49,'09:00:00','11:30:00',0,0),(253,'Big Ita - Segue faixa',5,3,49,'09:00:00','16:00:00',0,0),(254,'REAu - Segue faixa',5,3,49,'09:00:00','16:00:00',0,0),(255,'Elétricats - Local',5,2,49,'14:30:00','16:30:00',0,0),(256,'Sal no Caramujo - Segue faixa',5,3,49,'09:00:00','16:00:00',0,0),(257,'Tatu - Segue Faixa',5,3,49,'09:00:00','16:00:00',0,0),(258,'Tatu - Local',5,2,49,'14:30:00','16:30:00',0,0),(259,'Tatu - Internet',5,2,49,'09:00:00','11:30:00',0,0),(260,'Robby - Segue faixa',5,3,49,'09:00:00','16:00:00',0,0),(261,'Orion - Segue faixa',5,3,49,'09:00:00','16:00:00',0,0),(262,'Gear 2 - Segue faixa',5,3,49,'09:00:00','16:00:00',0,0),(263,'Edifita - Segue Faixa',5,3,49,'09:00:00','16:00:00',0,0),(264,'Cajazeiras Alfa - Segue faixa',5,3,49,'09:00:00','16:00:00',0,0),(265,'GPCar - Internet',5,2,49,'09:00:00','11:30:00',0,0),(266,'GPCar - Local',5,2,49,'14:30:00','16:30:00',0,0),(267,'Clarkeb - Segue faixa',5,3,49,'09:00:00','16:00:00',0,0),(268,'GREL 1 - Internet',5,2,49,'09:00:00','11:30:00',0,0),(269,'GREL 1 - Local',5,2,49,'14:30:00','16:30:00',0,0),(270,'MAD BOT  - Local',5,2,49,'14:30:00','16:30:00',0,0),(271,'IFTRONICS - Segue faixa',5,3,49,'09:00:00','16:00:00',0,0),(272,'Good Game - Internet',5,2,49,'09:00:00','11:30:00',0,0),(273,'Credenciamento / Informação',12,1,50,'14:00:00','22:00:00',0,0),(274,'Credenciamento / Informação',12,2,50,'08:00:00','17:00:00',0,0),(275,'Credenciamento / Informação',12,3,50,'08:00:00','17:00:00',0,0),(276,'Abertura',13,1,51,'19:00:00','22:00:00',0,0),(277,'Comitê de Ética no Uso de Animais: Legislações, atribuições e funcionalidade',3,2,53,'10:00:00','12:00:00',0,0),(278,'Cromatografia de solos',2,2,54,'14:00:00','17:00:00',0,0),(279,'Pesquisar...Eu? Pra quê?',2,3,53,'08:30:00','12:00:00',0,0),(280,'Empreendedorismo na Prática',4,2,52,'09:00:00','10:30:00',0,0),(281,'Inovação: da teoria à prática',4,2,52,'10:40:00','11:40:00',0,0),(282,'Educação Profissional para o século 21: Desafios e Propostas',4,2,52,'14:00:00','14:50:00',0,0),(283,'Inovação na Educação Empreendedora: O Projeto Baião de Três',4,2,52,'15:00:00','15:50:00',0,0),(284,'Polo EMBRAPII IFPB: Próximos passos',4,2,52,'16:00:00','16:50:00',0,0),(285,'Tecnologias Sociais no IFPB',4,3,52,'09:00:00','09:50:00',0,0),(286,'Pesquisa e Inovação nos Institutos Federais: Um desafio possível',8,3,52,'10:00:00','12:00:00',0,0),(287,'Empreendedorismo na Prática',9,5,52,'09:00:00','10:30:00',0,0),(288,'Inovação: da teoria à prática',9,5,52,'10:40:00','11:40:00',0,0),(289,'Educação Profissional para o Século 21: Desafios e Propostas',10,5,52,'14:00:00','14:50:00',0,0),(290,'Inovação na Educação Empreendedora: o Projeto Baião de Três',10,5,52,'15:00:00','15:50:00',0,0),(291,'Polo EMBRAPII IFPB: Próximos passos',11,5,52,'16:00:00','16:50:00',0,0),(292,'Tecnologias Sociais no IFPB',10,6,52,'09:00:00','09:50:00',0,0),(293,'Mesa Redonda -- Pesquisa e Inovação nos Institutos Federais: Um desafio possível',10,6,52,'10:00:00','12:00:00',0,0),(294,'Correlação entre testes de germinação e diferentes substratos alternativos em sementes de tamarindo ( Tamarindus indica L.)',14,2,48,'10:10:00','10:30:00',0,0),(295,'Um método de rastreamento de dados para identificação de preconceitos e estereótipos em resultados de pesquisa do google.',14,2,48,'10:30:00','10:50:00',0,0),(296,'Sistemas de informações integrados: a eficácia contábil em estabelicimentos de hospedagem.',14,2,48,'10:50:00','11:10:00',0,0),(297,'Comparativo de gestão financeira pessoal entre graduandos de instituições de ensino superior.',14,2,48,'11:10:00','11:30:00',0,0),(298,'A historicidade dos artefatos: Contribuições da teoria da atividade para o design',14,2,48,'11:30:00','11:50:00',0,0),(299,'Otimizando o encadeamento de funções de serviço em redes sem fio heterogêneas',14,2,48,'08:30:00','08:50:00',0,0),(300,'NoSQLClousteradmin: Uma ferramenta para configuração gerenciamento e monitoramento de SGBD NOSQL Fragmentados e Replicados',14,2,48,'08:50:00','09:10:00',0,0),(301,'Ensaio  eletromagnético baseado no ruído da interação entre campo magnético e material',14,2,48,'09:10:00','09:30:00',0,0),(302,'Estudo comparativo da secagem convectiva de placas de maçã por meio de modelos numéricos uni e bidimencionais',14,2,48,'09:30:00','09:50:00',0,0),(303,'Componentes de crescimento e produtivos de cultivares de alfaces crespas irrigadas com águas salinas e fertilizantes com urina de vaca',14,2,48,'09:50:00','10:10:00',0,0),(304,'Antena  renconfigurável  Utilizando Superfícies Seletivas em frequências Baseadas na geometria estrela de quatro braços',14,3,48,'08:30:00','08:50:00',0,0),(305,'Análise numérica de fibras ópticas microestruturas para aplicações em sensoriamento SPR',14,3,48,'08:50:00','09:10:00',0,0),(306,'Projeto ótimo de antenas patch com elementos polares utilizando ferramentas de intelingência computacional',14,3,48,'09:10:00','09:30:00',0,0),(307,'Desenvolvimento de superfície seletiva em frequência reconfigurável baseada na geometria entrela de quatro braços para aplicação em 2,4 Ghz',14,3,48,'09:30:00','09:50:00',0,0),(308,'Sistema de reconhecimento de locutor de baixo custo com técnicas LPC embarcado na Raspberry Pi',14,3,48,'09:50:00','10:10:00',0,0),(309,'Aplicação de algoritimo bio-inspirado em colônia de abelhas para seleção de características na detecção de desvios vocais',14,3,48,'10:10:00','10:30:00',0,0),(310,'Estudo de Sistema de propulsão de fluxo para biossensor SPR com controle de vazão',14,3,48,'10:30:00','10:50:00',0,0),(311,'Análise de efeitos dos codecs de aúdio na avaliação de desvios vocais',14,3,48,'10:50:00','11:10:00',0,0),(312,'Análise de superfície seletiva em frequência baseada na geometria de anéis trapezoidais abertos',14,3,48,'11:10:00','11:30:00',0,0),(313,'Caracterização numérica de filtros planares usando a geometria matrioska em cascata',14,3,48,'11:30:00','11:50:00',0,0),(314,'Automação residencial por voz para pessoas com mobilidade reduzida empregando jasper e Raspberry Pi',14,3,48,'11:50:00','12:10:00',0,0),(315,'Expressão viral de Bos taurus papillomavirus (BPV) em sangue de bovinos (Bos taurus).',14,3,48,'14:00:00','14:20:00',0,0),(316,'Aspectos e sugestões interpretativas nas obras para trombone solista do compositor Maestro Duda.',14,3,48,'14:20:00','14:40:00',0,0),(317,'Do capital fincanceiro ao movimento de mundialização financeira do capital.',14,3,48,'14:40:00','15:00:00',0,0),(318,'Desemp. musical dos alunos de cordas friccionadas do curso técnico em música da escola técnica de criatividade musical de Recife-PE',14,3,48,'15:00:00','15:20:00',0,0),(319,'A violência do bullying nas escolas: Uma análise à Luz da pedagogia Cŕitico - Libertadora de Paulo Freire',14,3,48,'15:40:00','16:00:00',0,0),(320,'O instituto Federal de Educação, Ciência e Tecnologia da Paraíba: Concepção de ensino e os prinicipais desafios no atual momento conjuntural',14,3,48,'16:00:00','16:20:00',0,0),(321,'Socialização e afiliação estudantil: a relação com o processo de construção de identidades socioprofissionais de estudantes do IFPB|',14,3,48,'16:20:00','16:40:59',0,0),(322,'Reconhecimento de saberes e competências (RSC): Representações identitárias profissionais em narrativas de professoras.',14,3,48,'16:40:00','17:00:00',0,0),(323,'A década de 1940: uma retrospectiva histórica e seus reflexos na educação brasileira',14,3,48,'17:00:00','17:20:00',0,0),(324,'Elaboração de projeto de pesquisa: Abordagem teórico-prática',3,3,53,'14:00:00','18:00:00',0,0),(325,'Yoga/Relaxamento',15,3,55,'15:00:00','15:30:00',0,0),(326,'Yoga/Relaxamento',15,3,55,'16:30:00','17:00:00',0,0),(327,'Abertura',13,10,58,'18:00:00','21:00:00',0,0),(328,'Ferramenta Git e Github',2,11,59,'13:00:00','17:00:00',0,0);
/*!40000 ALTER TABLE `apresentacao` ENABLE KEYS */;
UNLOCK TABLES;

--
-- Table structure for table `apresentacao_participante`
--

DROP TABLE IF EXISTS `apresentacao_participante`;
/*!40101 SET @saved_cs_client     = @@character_set_client */;
/*!40101 SET character_set_client = utf8 */;
CREATE TABLE `apresentacao_participante` (
  `id` int(11) NOT NULL AUTO_INCREMENT,
  `apresentacao_id` int(11) NOT NULL,
  `participante_id` int(11) NOT NULL,
  `is_deleted` tinyint(1) DEFAULT '0',
  `dt_insercao` timestamp NOT NULL DEFAULT CURRENT_TIMESTAMP,
  PRIMARY KEY (`id`),
  KEY `apresentacao_id` (`apresentacao_id`),
  KEY `participante_id` (`participante_id`),
  CONSTRAINT `apresentacao_participante_ibfk_1` FOREIGN KEY (`apresentacao_id`) REFERENCES `apresentacao` (`id`),
  CONSTRAINT `apresentacao_participante_ibfk_2` FOREIGN KEY (`participante_id`) REFERENCES `participante` (`id`)
) ENGINE=InnoDB AUTO_INCREMENT=249 DEFAULT CHARSET=utf8;
/*!40101 SET character_set_client = @saved_cs_client */;

--
-- Dumping data for table `apresentacao_participante`
--

LOCK TABLES `apresentacao_participante` WRITE;
/*!40000 ALTER TABLE `apresentacao_participante` DISABLE KEYS */;
INSERT INTO `apresentacao_participante` VALUES (1,1,49,0,'2017-11-15 18:59:22'),(2,2,643,0,'2017-11-15 18:59:22'),(3,3,643,0,'2017-11-15 18:59:22'),(4,4,50,0,'2017-11-15 18:59:22'),(5,5,644,0,'2017-11-15 18:59:23'),(6,6,645,0,'2017-11-15 18:59:23'),(7,7,646,0,'2017-11-15 18:59:23'),(8,8,647,0,'2017-11-15 18:59:23'),(9,9,648,0,'2017-11-15 18:59:23'),(10,10,649,0,'2017-11-15 18:59:23'),(11,11,650,0,'2017-11-15 18:59:23'),(12,12,651,0,'2017-11-15 18:59:24'),(13,13,648,0,'2017-11-15 18:59:24'),(14,14,652,0,'2017-11-15 18:59:24'),(15,15,653,0,'2017-11-15 18:59:24'),(16,16,654,0,'2017-11-15 18:59:24'),(17,17,655,0,'2017-11-15 18:59:24'),(18,18,656,0,'2017-11-15 18:59:24'),(19,19,650,0,'2017-11-15 18:59:25'),(20,20,657,0,'2017-11-15 18:59:25'),(21,21,658,0,'2017-11-15 18:59:25'),(22,22,659,0,'2017-11-15 18:59:25'),(23,23,658,0,'2017-11-15 18:59:25'),(24,24,660,0,'2017-11-15 18:59:25'),(25,25,657,0,'2017-11-15 18:59:26'),(26,26,660,0,'2017-11-15 18:59:26'),(27,27,661,0,'2017-11-15 18:59:26'),(28,28,662,0,'2017-11-15 18:59:26'),(29,29,663,0,'2017-11-15 18:59:26'),(30,30,664,0,'2017-11-15 18:59:26'),(31,31,647,0,'2017-11-15 18:59:27'),(32,32,665,0,'2017-11-15 18:59:27'),(33,33,666,0,'2017-11-15 18:59:27'),(34,34,667,0,'2017-11-15 18:59:28'),(35,35,668,0,'2017-11-15 18:59:28'),(36,36,669,0,'2017-11-15 18:59:28'),(37,37,98,0,'2017-11-15 18:59:28'),(38,38,16,0,'2017-11-15 18:59:28'),(39,39,24,0,'2017-11-15 18:59:29'),(40,40,670,0,'2017-11-15 18:59:29'),(41,41,671,0,'2017-11-15 18:59:29'),(42,42,109,0,'2017-11-15 18:59:29'),(43,43,672,0,'2017-11-15 18:59:29'),(44,44,117,0,'2017-11-15 18:59:30'),(45,45,118,0,'2017-11-15 18:59:30'),(46,46,673,0,'2017-11-15 18:59:30'),(47,47,674,0,'2017-11-15 18:59:30'),(48,48,675,0,'2017-11-15 18:59:31'),(49,49,124,0,'2017-11-15 18:59:31'),(50,50,7,0,'2017-11-15 18:59:31'),(51,51,676,0,'2017-11-15 18:59:31'),(52,52,676,0,'2017-11-15 18:59:32'),(53,53,677,0,'2017-11-15 18:59:32'),(54,54,677,0,'2017-11-15 18:59:32'),(55,55,12,0,'2017-11-15 18:59:32'),(56,56,678,0,'2017-11-15 18:59:33'),(57,57,43,0,'2017-11-15 18:59:33'),(58,58,675,0,'2017-11-15 18:59:33'),(59,59,132,0,'2017-11-15 18:59:33'),(60,60,677,0,'2017-11-15 18:59:34'),(61,61,679,0,'2017-11-15 18:59:34'),(62,62,680,0,'2017-11-15 18:59:34'),(63,63,681,0,'2017-11-15 18:59:34'),(64,64,43,0,'2017-11-15 18:59:34'),(65,65,123,0,'2017-11-15 18:59:35'),(66,66,682,0,'2017-11-15 18:59:35'),(67,67,683,0,'2017-11-15 18:59:35'),(68,68,684,0,'2017-11-15 18:59:35'),(69,69,135,0,'2017-11-15 18:59:36'),(70,70,685,0,'2017-11-15 18:59:36'),(71,71,139,0,'2017-11-15 18:59:36'),(72,72,141,0,'2017-11-15 18:59:36'),(73,73,686,0,'2017-11-15 18:59:36'),(74,74,121,0,'2017-11-15 18:59:36'),(75,75,121,0,'2017-11-15 18:59:37'),(76,76,87,0,'2017-11-15 18:59:37'),(77,77,687,0,'2017-11-15 18:59:37'),(78,78,688,0,'2017-11-15 18:59:37'),(79,79,689,0,'2017-11-15 18:59:38'),(80,80,690,0,'2017-11-15 18:59:38'),(81,81,12,0,'2017-11-15 18:59:38'),(82,82,691,0,'2017-11-15 18:59:39'),(83,83,688,0,'2017-11-15 18:59:39'),(84,84,151,0,'2017-11-15 18:59:40'),(85,85,152,0,'2017-11-15 18:59:40'),(86,86,144,0,'2017-11-15 18:59:40'),(87,87,142,0,'2017-11-15 18:59:40'),(88,88,692,0,'2017-11-15 18:59:41'),(89,89,693,0,'2017-11-15 18:59:41'),(90,90,146,0,'2017-11-15 18:59:41'),(91,91,13,0,'2017-11-15 18:59:42'),(92,92,694,0,'2017-11-15 18:59:42'),(93,93,153,0,'2017-11-15 18:59:43'),(94,94,695,0,'2017-11-15 18:59:43'),(95,95,696,0,'2017-11-15 18:59:43'),(96,96,27,0,'2017-11-15 18:59:44'),(97,97,134,0,'2017-11-15 18:59:44'),(98,98,697,0,'2017-11-15 18:59:44'),(99,99,698,0,'2017-11-15 18:59:45'),(100,100,699,0,'2017-11-15 18:59:45'),(101,101,700,0,'2017-11-15 18:59:45'),(102,102,698,0,'2017-11-15 18:59:46'),(103,103,701,0,'2017-11-15 18:59:46'),(104,104,155,0,'2017-11-15 18:59:46'),(105,105,702,0,'2017-11-15 18:59:47'),(106,106,27,0,'2017-11-15 18:59:47'),(107,107,703,0,'2017-11-15 18:59:47'),(108,108,704,0,'2017-11-15 18:59:48'),(109,109,686,0,'2017-11-15 18:59:48'),(110,110,705,0,'2017-11-15 18:59:49'),(111,111,706,0,'2017-11-15 18:59:49'),(112,112,695,0,'2017-11-15 18:59:49'),(113,113,156,0,'2017-11-15 18:59:50'),(114,114,23,0,'2017-11-15 18:59:50'),(115,115,707,0,'2017-11-15 18:59:50'),(116,116,137,0,'2017-11-15 18:59:50'),(117,117,708,0,'2017-11-15 18:59:51'),(118,118,690,0,'2017-11-15 18:59:51'),(119,119,155,0,'2017-11-15 18:59:52'),(120,120,709,0,'2017-11-15 18:59:52'),(121,121,168,0,'2017-11-15 18:59:52'),(122,122,710,0,'2017-11-15 18:59:52'),(123,123,99,0,'2017-11-15 18:59:53'),(124,124,711,0,'2017-11-15 18:59:53'),(125,125,712,0,'2017-11-15 18:59:53'),(126,126,100,0,'2017-11-15 18:59:54'),(127,127,713,0,'2017-11-15 18:59:54'),(128,128,206,0,'2017-11-15 18:59:55'),(129,129,184,0,'2017-11-15 18:59:55'),(130,130,714,0,'2017-11-15 18:59:55'),(131,131,715,0,'2017-11-15 18:59:56'),(132,132,716,0,'2017-11-15 18:59:56'),(133,133,716,0,'2017-11-15 18:59:56'),(134,134,717,0,'2017-11-15 18:59:56'),(135,135,718,0,'2017-11-15 18:59:57'),(136,136,245,0,'2017-11-15 18:59:57'),(137,137,246,0,'2017-11-15 18:59:58'),(138,138,719,0,'2017-11-15 18:59:58'),(139,139,91,0,'2017-11-15 18:59:59'),(140,140,131,0,'2017-11-15 18:59:59'),(141,141,185,0,'2017-11-15 18:59:59'),(142,142,236,0,'2017-11-15 19:00:00'),(143,143,179,0,'2017-11-15 19:00:00'),(144,144,720,0,'2017-11-15 19:00:00'),(145,145,261,0,'2017-11-15 19:00:01'),(146,146,188,0,'2017-11-15 19:00:01'),(147,147,120,0,'2017-11-15 19:00:02'),(148,148,721,0,'2017-11-15 19:00:02'),(149,149,273,0,'2017-11-15 19:00:03'),(150,150,47,0,'2017-11-15 19:00:03'),(151,151,722,0,'2017-11-15 19:00:03'),(152,152,723,0,'2017-11-15 19:00:04'),(153,153,724,0,'2017-11-15 19:00:04'),(154,154,252,0,'2017-11-15 19:00:05'),(155,155,725,0,'2017-11-15 19:00:05'),(156,156,36,0,'2017-11-15 19:00:05'),(157,157,219,0,'2017-11-15 19:00:05'),(158,158,96,0,'2017-11-15 19:00:06'),(159,159,722,0,'2017-11-15 19:00:06'),(160,160,40,0,'2017-11-15 19:00:06'),(161,161,726,0,'2017-11-15 19:00:07'),(162,162,727,0,'2017-11-15 19:00:07'),(163,163,84,0,'2017-11-15 19:00:07'),(164,164,728,0,'2017-11-15 19:00:08'),(165,165,729,0,'2017-11-15 19:00:08'),(166,166,244,0,'2017-11-15 19:00:08'),(167,167,166,0,'2017-11-15 19:00:09'),(168,168,730,0,'2017-11-15 19:00:09'),(169,169,265,0,'2017-11-15 19:00:09'),(170,170,105,0,'2017-11-15 19:00:10'),(171,171,185,0,'2017-11-15 19:00:10'),(172,172,267,0,'2017-11-15 19:00:10'),(173,173,731,0,'2017-11-15 19:00:11'),(174,174,40,0,'2017-11-15 19:00:11'),(175,175,5,0,'2017-11-15 19:00:11'),(176,176,732,0,'2017-11-15 19:00:12'),(177,177,239,0,'2017-11-15 19:00:12'),(178,178,292,0,'2017-11-15 19:00:13'),(179,179,120,0,'2017-11-15 19:00:13'),(180,180,733,0,'2017-11-15 19:00:13'),(181,181,89,0,'2017-11-15 19:00:13'),(182,182,294,0,'2017-11-15 19:00:14'),(183,183,295,0,'2017-11-15 19:00:14'),(184,184,91,0,'2017-11-15 19:00:14'),(185,185,287,0,'2017-11-15 19:00:15'),(186,186,125,0,'2017-11-15 19:00:15'),(187,187,197,0,'2017-11-15 19:00:16'),(188,188,734,0,'2017-11-15 19:00:16'),(189,189,735,0,'2017-11-15 19:00:16'),(190,190,734,0,'2017-11-15 19:00:17'),(191,191,299,0,'2017-11-15 19:00:17'),(192,192,736,0,'2017-11-15 19:00:17'),(193,193,177,0,'2017-11-15 19:00:17'),(194,194,302,0,'2017-11-15 19:00:18'),(195,195,303,0,'2017-11-15 19:00:18'),(196,196,737,0,'2017-11-15 19:00:19'),(197,197,301,0,'2017-11-15 19:00:19'),(198,198,218,0,'2017-11-15 19:00:19'),(199,199,737,0,'2017-11-15 19:00:20'),(200,200,140,0,'2017-11-15 19:00:20'),(201,201,298,0,'2017-11-15 19:00:20'),(202,202,307,0,'2017-11-15 19:00:21'),(203,203,185,0,'2017-11-15 19:00:21'),(204,204,53,0,'2017-11-15 19:00:21'),(205,205,197,0,'2017-11-15 19:00:22'),(206,206,311,0,'2017-11-15 19:00:22'),(207,207,738,0,'2017-11-15 19:00:22'),(208,208,739,0,'2017-11-15 19:00:23'),(209,209,740,0,'2017-11-15 19:00:23'),(210,210,151,0,'2017-11-15 19:00:23'),(211,211,740,0,'2017-11-15 19:00:24'),(212,212,729,0,'2017-11-15 19:00:24'),(213,213,264,0,'2017-11-15 19:00:24'),(214,214,318,0,'2017-11-15 19:00:25'),(215,215,679,0,'2017-11-15 19:00:25'),(216,216,266,0,'2017-11-15 19:00:25'),(217,217,320,0,'2017-11-15 19:00:26'),(218,218,317,0,'2017-11-15 19:00:26'),(219,219,223,0,'2017-11-15 19:00:26'),(220,220,309,0,'2017-11-15 19:00:26'),(221,221,258,0,'2017-11-15 19:00:27'),(222,222,294,0,'2017-11-15 19:00:27'),(223,223,741,0,'2017-11-15 19:00:28'),(224,224,314,0,'2017-11-15 19:00:28'),(225,225,258,0,'2017-11-15 19:00:28'),(226,226,151,0,'2017-11-15 19:00:28'),(227,227,742,0,'2017-11-15 19:00:29'),(228,228,332,0,'2017-11-15 19:00:29'),(229,229,725,0,'2017-11-15 19:00:29'),(230,230,743,0,'2017-11-15 19:00:29'),(231,231,334,0,'2017-11-15 19:00:30'),(232,232,725,0,'2017-11-15 19:00:30'),(233,233,744,0,'2017-11-15 19:00:30'),(234,234,745,0,'2017-11-15 19:00:31'),(235,235,746,0,'2017-11-15 19:00:31'),(236,236,304,0,'2017-11-15 19:00:31'),(237,237,335,0,'2017-11-15 19:00:32'),(238,238,747,0,'2017-11-15 19:00:32'),(239,239,748,0,'2017-11-15 19:00:33'),(240,240,340,0,'2017-11-15 19:00:33'),(241,241,341,0,'2017-11-15 19:00:33'),(242,242,338,0,'2017-11-15 19:00:34'),(243,243,749,0,'2017-11-15 19:00:34'),(244,244,750,0,'2017-11-15 19:00:34'),(245,245,318,0,'2017-11-15 19:00:34'),(246,246,217,0,'2017-11-15 19:00:35'),(247,247,294,0,'2017-11-15 19:00:35'),(248,248,201,0,'2017-11-15 19:00:35');
/*!40000 ALTER TABLE `apresentacao_participante` ENABLE KEYS */;
UNLOCK TABLES;

--
-- Table structure for table `autor`
--

DROP TABLE IF EXISTS `autor`;
/*!40101 SET @saved_cs_client     = @@character_set_client */;
/*!40101 SET character_set_client = utf8 */;
CREATE TABLE `autor` (
  `id` int(11) NOT NULL AUTO_INCREMENT,
  `nome` varchar(120) DEFAULT NULL,
  `email` varchar(90) DEFAULT NULL,
  `apresentacao_id` int(11) NOT NULL,
  `is_deleted` tinyint(1) DEFAULT '0',
  `ocs_autor_id` int(11) DEFAULT NULL,
  PRIMARY KEY (`id`),
  KEY `apresentacao_id` (`apresentacao_id`),
  CONSTRAINT `autor_ibfk_1` FOREIGN KEY (`apresentacao_id`) REFERENCES `apresentacao` (`id`)
) ENGINE=InnoDB AUTO_INCREMENT=881 DEFAULT CHARSET=utf8;
/*!40101 SET character_set_client = @saved_cs_client */;

--
-- Dumping data for table `autor`
--

LOCK TABLES `autor` WRITE;
/*!40000 ALTER TABLE `autor` DISABLE KEYS */;
INSERT INTO `autor` VALUES (1,'Fabiola Jeronimo Duarte','fabiolla-mf@hotmail.com',1,0,1281),(2,'Jose Moacir Soares Da Costa Filho','jmscostafilho@gmail.com2',1,0,1302),(3,'Ana Raquel Farias','anarflramos@gmail.com',2,0,1285),(4,'Ana Raquel Farias','cleitom_ramos@hotmail.com',3,0,1286),(5,'Erivan Lopes Tomé Jr','erivan.tome@ifpb.edu.br',4,0,1288),(6,'Daniel Medeiros De Oliveira','danieloliveira1306@gmail.com',4,0,1289),(7,'Erick Pereira Rodrigues','erickpereira438@gmail.com',4,0,1290),(8,'Vera Lucia Oliveira Cardoso','verinhaolliveira@gmail.com',4,0,1291),(9,'Líllian Da Cruz Régis','lillianregis@yahoo.com',5,0,1292),(10,'Anna Giovanna Rocha Bezerra','anna.rocha@ifpb.edu.br',6,0,1293),(11,'Andreia Da Silva Santos','asjornalista@yahoo.com.br',7,0,1297),(12,'Maria Célia Ribeiro Da Silva','celia.ribeiro@ifpb.edu.br',8,0,1310),(13,'Edilane Rodrigues Bento Moreira','edilane_rbento@hotmail.com',8,0,1312),(14,'Valquiria Silva Souza','valquiria.ss1@hotmail.com',9,0,1315),(15,'Maria Flayane Santos','maria.flayane@ifpbensino.com.br',10,0,1317),(16,'Eliane Gomes Silva','elianegbo@gmail.com',11,0,1320),(17,'Marinaldo De Souza Silva','marcultura273@gmail.com',11,0,1321),(18,'Fabiola Jeronimo Duarte','fabiolla-mf@hotmail.com',11,0,1322),(19,'Rosa Lucia Vieira Souza','rosa.lucia@uol.com.br',11,0,1323),(20,'Wilton Rafael De Andrade Júnior','wwdeandrade@gmail.com',12,0,1325),(21,'Adriana Rodrigues Pereira De Souza','adrianarpsouza@yahoo.com.br',12,0,1326),(22,'Valquiria Silva Souza','valquiria.ss1@hotmail.com',13,0,1341),(23,'Luciana Queiroz','lucianaqueiroz34@gmail.com',14,0,1342),(24,'Fabiana Pincho De Oliveira','fabianaoliveira.fale@gmail.com',15,0,1343),(25,'Adriana Rodrigues Pereira De Souza','adriana.souza@ifpb.edu.br',16,0,1346),(26,'Edilane Rodrigues Moreira','edilane_rbento@hotmail.com',17,0,1347),(27,'Edilane Rodrigues Moreira','edilane_rbento@hotmail.com',17,0,1348),(28,'Cíntia De Sousa Maciel','csm_maciel@yahoo.com.br',18,0,1349),(29,'Adriana Rodrigues Pereira De Souza','adrianarpsouza@yahoo.com.br',18,0,1350),(30,'Eliane Gomes Gomes Da Silva','elianegbo@gmail.com',19,0,1352),(31,'Maria Verônica Sousa Cavalcante Oliveira','99.cavalcante@gmail.com',20,0,1356),(32,'Eliane Gomes Da Silva','elianegbo@gmail.com',20,0,1357),(33,'Marinaldo Souza Souza','marcultura273@gmail.com',21,0,1359),(34,'Virna Lúcia Cunha De Farias','fariasvirna@hotmail.com',22,0,1361),(35,'Marinaldo Souza Souza','marcultura273@gmail.com',23,0,1362),(36,'Maria Auxiliadora Almeida Almeida Vieira Filha','auxiliadora_filha@yahoo.com.br',24,0,1367),(37,'Maria Verônica Sousa Cavalcante Oliveira','99.cavalcante@gmail.com',25,0,1370),(38,'Eliane Gomes Da Silva','elianegbo@gmail.com',25,0,1371),(39,'Maria Auxiliadora Almeida Almeida Vieira Filha','auxiliadora_filha@yahoo.com.br',26,0,1372),(40,'Andreia Aparecida Medeiros Martins','andreiaevitoria@gmail.com',27,0,1374),(41,'Estela Souto Da Silva','estella.souto4@gmail.com',27,0,1377),(42,'Fernanda Karyne Oliveira','fernandakarynepl@hotmail.com',28,0,1382),(43,'Bruno Santos Melo','bsantosmelo@hotmail.com',28,0,1383),(44,'Jailma Costa Ferreira','Jailma.jdf@gmail.com',28,0,1384),(45,'Maria Ismênia Lima','Ismenialima302@hotmail.com',28,0,1385),(46,'Ana Lúcia Maria Souza','analiteraturasouza@yahoo.com.br',28,0,1386),(47,'Bruno Santos Melo','bsantosmelo@hotmail.com',29,0,1387),(48,'Fernanda Karyne Oliveira','fernandakoliveira@gmail.com',29,0,1388),(49,'Jailma Costa Ferreira','Jailma.jdf@gmail.com',29,0,1389),(50,'Maria Ismênia Lima','Ismenialima302@hotmail.com',29,0,1390),(51,'Ana Lúcia Maria Souza Neves','analiteraturasouza@yahoo.com.br',29,0,1391),(52,'Jailma Costa Ferreira','jailma.jdf@gmail.com',30,0,1392),(53,'Fernanda Karyne Oliveira','fernandakoliveira@gmail.com',30,0,1393),(54,'Bruno Santos Melo','bsantosmelo@hotmail.com',30,0,1394),(55,'Maria Ismênia Lima','Ismenialima302@hotmail.com',30,0,1395),(56,'Ana Lúcia Maria Souza Neves','analiteraturasouza@yahoo.com.br',30,0,1396),(57,'Maria Célia Ribeiro Da Silva','celiaribeiros@hotmail.com',31,0,1398),(58,'Socorro De Fátima Pacífico Barbosa','socorrofpbarbosa@hotmail.com',31,0,1401),(59,'Zuila Kelly Araújo','zuila.araujo@ifpb.edu.br',32,0,1404),(60,'Ingrid Moraes','ingridgmz65@gmail.com',32,0,1405),(61,'Ana Bárbara Lima','anabarbara15oc@gmail.com',32,0,1406),(62,'Elis Regina Guedes De Souza','elis_reginaa@yahoo.com.br',33,0,1407),(63,'Mariana Duarte Paulino','marianad.2013@gmail.com',34,0,1470),(64,'Nathália Regina Cabral Lima','rnath1701@gmail.com',35,0,1471),(65,'Claudiana Maria Da Silva Leal','claudiana.m.b.silva@gmail.com',35,0,1472),(66,'Letícia De Oliveira Bento','leticiaobento@gmail.com',36,0,1481),(67,'Dayana Da Silva Diniz','dayanadiniz2612@gmail.com',36,0,1482),(68,'Raiana Souza Justino','raianasouza_nana@hotmail.com',36,0,1483),(69,'Claudiana Maria Da Silva Leal','claudiana.m.b.silva@gmail.com',36,0,1484),(70,'Matheus Lêmos Dos Santos','matheuslemoss18@gmail.com',37,0,1486),(71,'José Leonardo Santos Gomes','leonardogeo@bol.com.br',38,0,1491),(72,'Amanda Kaline Bezerra Gomes','amandakaline@bol.com.br',38,0,1492),(73,'Carla Rafaela Pereira Da Sila','rafaela_2502@hotmail.com',38,0,1493),(74,'Lilian Arruda Ribeiro','lilianarruda@gmail.com',38,0,1494),(75,'Wylde Vieira','leonardo87@gmail.com',38,0,1495),(76,'Deisy Formiga Mamedes','deisymamedes@gmail.com',39,0,1498),(77,'Ana Cláudia Pereira Da Silva','c.ana@academico.ifrn.edu.br',39,0,1499),(78,'Síntia Kaline De Almeida Silva','sintiademaria@hotmail.com',39,0,1502),(79,'Karolina Das Chagas Rodrigues','rodrigues.chagas@academico.ifrn.edu.br',39,0,1530),(80,'José Fernando De Morais Firmino','fernandopow_cz@hotmail.com',40,0,1505),(81,'André Fellipe Cavalcante Silva','af_andre.fellipe@hotmail.com',40,0,1506),(82,'Gislaine Dos Santos Nascimento','gislaynesantos30@gmail.com',41,0,1513),(83,'José Lucínio De Oliveira Freire','prof.lucinio@gmail.com',41,0,1514),(84,'Jaiane Eva Da Silva','jaianeeva@hotmail.com',41,0,1515),(85,'Maria Graça Amorim','M.G.AMORIM@HOTMAIL.COM',42,0,1523),(86,'Bianca Alves Valencio','biancavalencio03@gmail.com',43,0,1536),(87,'Vinicius Longo Ribeiro Vilela','vinicius.vilela@ifpb.edu.br',43,0,1537),(88,'Thais Ferreira Feitosa','thais.feitosa@ifpb.edu.br',43,0,1538),(89,'Ítallo Costa De Sales','italloifpbvet@gmail.com',43,0,1539),(90,'Samara Dos Santos Silva','samarasilva.cz@gmail.com',43,0,1540),(91,'Senhora Costa Rocha','sabrina.rocha@ifpb.edu.br',44,0,1541),(92,'Luciana Trigueiro De Andrade','luciana.andrade@ifpb.edu.br',45,0,1546),(93,'André Luís Celestino Ferreira','andrecelesti2@gmail.com',45,0,1547),(94,'Lenietti Galiza Gama','letta.galiza@gmail.com',45,0,1548),(95,'Ygor Gardel Santos De Lima','ygor.lima@ifpb.edu.br',45,0,1549),(96,'Sheila Elizabeth Da Silva','sheila.elizabeth@outlook.com',45,0,1550),(97,'Ailma Roberia Souto De Medeiros','ailma.engminas@gmail.com',46,0,1566),(98,'Anselmo De Vasconcelos Cavalcante','anselmu@gmail.com',47,0,1567),(99,'Leonardo Wanderley Lopes','lwlopes@hotmail.com',47,0,1568),(100,'Michel Coura Dias','michel.dias@ifpb.edu.br',47,0,1569),(101,'Silvana Luciene Do Nascimento Cunha Costa','silvana@ifpb.edu.br',47,0,1570),(102,'Suzete Élida Nóbrega Correia','suzete@ifpb.edu.br',47,0,1571),(103,'Flávia Cristina Dos Santos Lima','flavia.lima@belojardim.ifpe.edu.br',48,0,1578),(104,'Katia Davi Brito','katiadout@hotmail.com',48,0,1579),(105,'José Carlos Ferreira','jose.ferreira@belojardim.ifpe.edu.br',48,0,1580),(106,'Emmanuel Da Paixão Neto','netopaixao@hotmail.com',48,0,1581),(107,'Carlos José Da Silva Macena','carlosjose266211@gmail.com',48,0,1582),(108,'Gustavo Pontes Borba','gustavo.borba@hotmail.com',49,0,1587),(109,'Alberto Oliveira Falcão Júnior','albertofalcao12@gmail.com',49,0,1588),(110,'Gabriel Andy Da Silva Lucena','gabriel_andy98@hotmail.com',49,0,1589),(111,'Andréa De Lucena Lira','andrea.lira@ifpb.edu.br',49,0,1590),(112,'Paulo Ixtânio Leite Ferreira','paulo.ferreira@ifpb.edu.br',50,0,1591),(113,'Klarc Da Silva Galdino','klarc.galdino@gmail.com',50,0,1592),(114,'Aldeni Sudário De Sousa','aldeni.sousa@ifpb.edu.br',50,0,1593),(115,'Jonas De Assis Almeida Ramos','jonas.ramos@ifpb.edu.br',51,0,1595),(116,'Luis Victor Araújo De Amorim','vitoramorimaraujo@hotmail.com',51,0,1601),(117,'Heitor Bione Oliveira De Amorim','heitor.bione@live.com',51,0,1602),(118,'Ana Luisa Araújo De Amorim','ana_luisaamorim@hotmail.com',51,0,1603),(119,'Jonas De Assis Almeida Ramos','jonas.ramos@ifpb.edu.br',52,0,1604),(120,'Andreza Da Silva Nascimento','andrezanascimento98@gmail.com',52,0,1605),(121,'Eliene Letícia Da Silva Bezerra','lnleticia@outlook.com',52,0,1606),(122,'Ana Luisa Araújo De Amorim','ana_luisaamorim@hotmail.com',52,0,1607),(123,'João Paulo Gomes De Vasconcelos Aragão','joao.aragao@ifpb.edu.br',53,0,1611),(124,'João Victor Da Costa Moura','jvctmoura@gmail.com',53,0,1667),(125,'João Paulo Gomes De Vasconcelos Aragão','joao.aragao@ifpb.edu.br',54,0,1612),(126,'Eniedson Fabiano Pereira Da Silva Júnior','eniedson.silva@gmail.com',54,0,1613),(127,'Emilly Da Silva Guedes','emillyguedes.guedes31@gmail.com',54,0,1614),(128,'Cleyton Leandro Galvão','cleyton.galvao@ifpb.edu.br',55,0,1619),(129,'Arthur Maurício Thomaz Soares','arthur.mts@gmail.com',55,0,1623),(130,'Layanne Kelly Gomes Santos','layannesantos6104@gmail.com',55,0,1624),(131,'Ezequias Nunes Ferreira','ezeknufe@gmail.com',56,0,1620),(132,'José Ítalo Feitosa Lima','italo.jtf@gmail.com',56,0,1621),(133,'Gardênia Marinho Cordeiro','gardeniam.cordeiro@ifpb.edu.br',56,0,1622),(134,'Lucas Cavalcanti Cruz','lucasjop@gmail.com',57,0,1626),(135,'Maria Do Bonconselho Nunes De Araújo','maria.bonconselho.ifpb@gmail.com',57,0,1654),(136,'Yago Alexandre Lima','yagoa463@gmail.com',57,0,1655),(137,'William Gomes Da Silva','william.gsilva@ifpbensino.com.br',57,0,1656),(138,'Ayx Brenno Pereira Gomes','ayxbrenno16@gmail.com',57,0,1657),(139,'Flávia Cristina Dos Santos Lima','flavia.lima@belojardim.ifpe.edu.br',58,0,1631),(140,'Katia Davi De Brito','katiadout@hotmail.com',58,0,1632),(141,'Maria Do Socorro Santos Silva','socorro2995@msn.com',58,0,1633),(142,'Marcos Antônio G. Do Nascimento','marcos.germano@belojardim.ifpe.edu.br',58,0,1634),(143,'Josalice De Lima Araújo','josalice.araujo@belojardim.ifpe.edu.br',58,0,1635),(144,'Guilherme Augusto Andrade Ferreira','guilhermeifpb@gmail.com',59,0,1629),(145,'Larissa Lucena Vasconcelos','larissalucena@gmail.com',59,0,1733),(146,'Cyran Costa Carneiro Da Cunha','cyrcos@yahoo.com.br',59,0,1734),(147,'Leandro Levy Ferreira Rodrigues','leandrolevy01@gmail.com',59,0,1735),(148,'João Paulo Gomes De Vasconcelos Aragão','joao.aragao@ifpb.edu.br',60,0,1640),(149,'Bruna Garcia Dos Santos','brunagarciadossantos436@gmail.com',60,0,1642),(150,'Denise Batista Dos Santos','denisebatista01@hotmail.com',60,0,1643),(151,'Matheus Teófilo Gomes','matheust101@gmail.com',60,0,1644),(152,'Lucas José Elias Bezerra Dos Santos','eliaslucas720@gmail.com',60,0,1645),(153,'Lucas Gabriel De Araujo Silva','lucasarasil1@gmail.com',61,0,1641),(154,'Carlos Danilo Miranda Regis','Danilo.regis@ifpb.edu.br',61,0,1652),(155,'Eduardo J. B. Rodrigues','rodriguesejb@hotmail.com',62,0,1648),(156,'Maria Fernanda Rodrigues Neves Farias','mariafrnfarias@gmail.com',63,0,1653),(157,'Paulo André Batista Miranda','paulo.miranda@ifpb.edu.br',63,0,1991),(158,'Pedro Henrique Pinheiro Xavier Pinto','pedro.pinto@ifpb.edu.br',63,0,1992),(159,'Lucas Cavalcanti Cruz','lucasjop@gmail.com',64,0,1659),(160,'Alves Passos Brito','alvespassos360@gmail.com',64,0,1660),(161,'Neyxa Passos Brito','neyxabrito@gmail.com',64,0,1661),(162,'José Rony Passos Brito','joserony360@gmail.com',64,0,1662),(163,'Lindomar Lúcio Da Silva Sobrinho','sobrinholindomarifpb@gmail.com',65,0,1668),(164,'Laila Lizandra Figueredo Sousa','lailalizandra04@gmail.com',65,0,1669),(165,'Brígida Batista Bezerra','brigidabezerra@hotmail.com',65,0,1670),(166,'Anderson Vinícius Nery De Franca','anderson.franca.970@gmail.com',66,0,1672),(167,'Luiz Otávio Pinheiro Filho','pinheiro.luizotavio@gmail.com',66,0,1798),(168,'Silvana Luciene Do Nascimento Cunha Costa','silvanacunhacosta@gmail.com',66,0,1799),(169,'Suzete Élida Nóbrega Correia','suzete.correia@gmail.com',66,0,1800),(170,'Francisca Edna Ferreira Felix','ednafe07@gmail.com',67,0,1673),(171,'Naiara Pereira Tavares','naiara.pereira@academico.ifpb.edu.br',67,0,1674),(172,'Maria Cassiana Pereira Gonçalves','maria.cassiana@academico.ifpb.edu.br',67,0,1675),(173,'Reginaldo Amaral Cordeiro Junior','reginaldo.cordeiro@ifpb.edu.br',67,0,1676),(174,'Márcio Jean Fernandes Tavares','marciojeanftavares@gmail.com',68,0,1683),(175,'Carlos Alberto Da Silva Junior','carloschemistry@icloud.com',68,0,1684),(176,'Daniel Gabriel Da Silva','danielgabriel.s@outlook.com.br',68,0,1685),(177,'Alessandra Marcone Tavares Alves De Figueirêdo','alessandratavaresfigueiredo@ifpb.edu.br',68,0,1686),(178,'Maria Bezerra Silva','vivianebezerra07@hotmail.com',69,0,1696),(179,'Francisco Weverton Weverton Lima Dias','weverton3232@gmail.com',70,0,1701),(180,'Mirvily Mirvily Cordeiro','mirvily.cordeiro@ifpbensino.com.br',71,0,1703),(181,'Iza Nunes','izinhasilva14@hotmail.com',72,0,1711),(182,'Liz Jully Hiluey Correia','lizjully@gmail.com',73,0,1712),(183,'Maryanna Nazáro Da Silva','marynazaro17@gmail.com',73,0,1719),(184,'Ane Josana Dantas Fernandes','anejfernandes@yahoo.com.br',73,0,1721),(185,'Thiago Leite De Melo Ruffo','thiagoruffo@yahoo.com.br',73,0,1722),(186,'Carlos Alberto Da Silva Júnior','carloschemistry@icloud.com',74,0,1713),(187,'Daniel Gabriel Da Silva','danielgabriel.s@outlook.com.br',74,0,1714),(188,'Márcio Jean Fernandes Tavares','marciojeanftavares@gmail.com',74,0,1715),(189,'Alessandra Marcone Tavares Alves De Figueirêdo','alessandratavaresfigueiredo@ifpb.edu.br',74,0,1716),(190,'Carlos Alberto Da Silva Júnior','carloschemistry@icloud.com',75,0,1717),(191,'Alessandra Marcone Tavares Alves De Figueirêdo','alessandratavaresfigueiredo@ifpb.edu.br',75,0,1718),(192,'Natanael Queiroz Oliveira','natanael.q.oliveira@gmail.com',76,0,1723),(193,'Raphaell Maciel Sousa','raphaellmsousa@gmail.com',76,0,1724),(194,'Rafael Ponce Leon','faelponce@hotmail.com',76,0,1725),(195,'Luis Fernando Fernandes','luisfernandogf@gmail.com',77,0,1729),(196,'Carlos Eduardo Suassuna Santiago','carloseduardosuassunasantiago@gmail.com',77,0,2437),(197,'Aleff De Moura Nascimento','mouraaleff55@gmail.com',77,0,2438),(198,'Ane Josana Dantas Fernandes','anejosana@hotmail.com',78,0,1743),(199,'Elizabeth Luiza Sales Gomes','elizabeth-luiza2010@hotmail.com',78,0,1745),(200,'Jordannyele Raiza De Almeida Oliveira','jordannyele1@gmail.com',78,0,1746),(201,'Liz Jully Hiluey Correia','liz.correira@ifpb.edu.br',78,0,1747),(202,'Bianca Bastos Miranda','biabmiranda@hotmail.com',79,0,1748),(203,'Claudiana Maria Da Silva Leal','claudiana.m.b.silva@gmail.com',79,0,1753),(204,'Bruno De Souza Vasconcelos','bruno15gba@hotmail.com',80,0,1750),(205,'Francisco Emanoel Ferreira De Almeida','almeidaemanoel@yahoo.com.br',80,0,1755),(206,'Daniel Gabriel Da Silva','danielgabriel82@hotmail.com',80,0,1756),(207,'Jeanderson Das Neves Andrade','jeanderson2@gmail.com',80,0,1757),(208,'Cleyton Leandro Galvão','cleyton.galvao@ifpb.edu.br',81,0,1758),(209,'Juan Salvador Da Silva','juansalvador48@gmail.com',81,0,1760),(210,'Gustavo Gomes De Almeida Machado','eugustavo1@gmail.com',81,0,1761),(211,'Maria Fernanda Rodrigues Benjamim','mariafernandarodriguesbenjamim@gmail.com',81,0,1762),(212,'Waniely Aparecida Rodrigues Dos Santos','waniely123.rodrigues@gmail.com',81,0,1763),(213,'Sofia Vieira Campos','sofiavieiraa8@gmail.com',82,0,1766),(214,'Gabriel Andy Da Silva Lucena','gabriel_andy98@hotmail.com',82,0,1767),(215,'Vike Regina Santana Santos','vikeregina2015@gmail.com',82,0,1768),(216,'Gustavo Pontes Borba','gustavo.borba@hotmail.com',82,0,1769),(217,'Andréa De Lucena Lira','andrea.lira@ifpb.edu.br',82,0,1770),(218,'Ane Josana Dantas Fernandes','anejosana@hotmail.com',83,0,1771),(219,'Jordannyele Raiza De Almeida Oliveira','jordannyele1@gmail.com',83,0,1772),(220,'Elizabeth Luiza Sales Gomes','elizabeth-luiza2010@hotmail.com',83,0,1773),(221,'Liz Jully Hiluey Correia','liz.correira@ifpb.edu.br',83,0,1774),(222,'Lucas De Limaoliveira','lucas13.gba@hotmail.com',84,0,1785),(223,'Marsoniel Felipe Da Costa','nyehll_felipe@hotmail.com',85,0,1786),(224,'Matheus Ramos Cordeiro','teteu.t@gmail.com',86,0,1790),(225,'João Victor De Carvalho Macedo','victor.max@hotmail.com',86,0,1794),(226,'Ariana Silva Guimarães','ariana.guimaraes@ifpb.edu.br',86,0,1795),(227,'Janaina Sales Holanda','janaina.holanda@ifpb.edu.br',86,0,1796),(228,'Ricardo Luis Mendes De Oliveira','ricardo.oliveira@ifpb.edu.br',86,0,1797),(229,'Paulo Wbiratan Lopes Da Costa','paulo_wbiratan@hotmail.com',87,0,1792),(230,'Thais Ferreira Feitosa','feitosa_tf@yahoo.com.br',87,0,1805),(231,'Vinícius Longo Ribeiro Vilela','vilelavlr@yahoo.com.br',87,0,1806),(232,'Dalany Menezes Oliveira','dalanymenezes@gmail.com',88,0,1793),(233,'Gabriele Vieira Virgínio','grabrielevieirav15@hotmail.com',88,0,1807),(234,'Maria Eduarda Marinho Nunes De Sousa','madubazinga@gmail.com',89,0,1808),(235,'Cyran Costa Carneiro Da Cunha','cyrcos@yahoo.com.br',89,0,1811),(236,'Daiane Da Silva Bispo','dayannesilva369@gmail.com',89,0,1812),(237,'Elviro Lins','elvirobisneto12@gmail.com',90,0,1809),(238,'Talita Valentim Silva','talitavalentimsilva@gmail.com',90,0,1813),(239,'João Jarllys Nóbrega','jarllys@hotmail.com',90,0,1814),(240,'Jailson Machado','jailsonmf@yahoo.com.br',90,0,1815),(241,'Tainá Souza','taina.silva@ifpb.edu.br',90,0,1816),(242,'Valnyr Vasconcelos Lira','valnyr@ifpb.edu.br',91,0,1818),(243,'Arlindo Garcia De Sá Barreto Neto','arlindo@ifpb.edu.br',91,0,1819),(244,'Hugo Paulino Barbosa','hugopaulino12@gmail.com',91,0,1820),(245,'Richard Ferreira Salviano','rickferreira3361@gmail.com',91,0,1821),(246,'Alex Ribeiro Silva','alex.ribeiro@ifpb.edu.br',92,0,1836),(247,'Pedro Henrique Xavier Pinto','pedro.pinto@ifpb.edu.br',92,0,1849),(248,'Bárbara Birney Silva Dantas','barbarabirney@ifpb.edu.br',92,0,1850),(249,'Valdeane Freitas Alves','valdeanefreitas79@gmail.com',92,0,1851),(250,'Grasiela Alves Fernandes','carvalho_nvl@Hotmail.com',92,0,1852),(251,'Anderson F. B. F. Da Costa','anderson@ifpb.edu.br',93,0,1840),(252,'Marcela Santos','marcelatassyany@gmail.com',93,0,1844),(253,'Edlane Gusmão','edlaneoliveiragusmao2@gmail.com',93,0,1845),(254,'Gesivaldo Alves Figueirêdo','gesivaldojesus@yahoo.com.br',94,0,1846),(255,'Mayzza Márcia Araújo Nascimento','mayzzaaraujo.quim@hotmail.com',94,0,1863),(256,'Reynaldo Borges Galvão Serra','reynaldoifpb@hotmail.com',94,0,1864),(257,'Nilton Ferreira Oliveira Júnior','nn.f.junior.quimica@gmail.com',94,0,1865),(258,'Adriana Christina Costa Silva','adrianachristinak@gmail.com',94,0,1866),(259,'Naiara Pereira Tavares','naiara96link@gmail.com',95,0,1853),(260,'Maria Cassiana Pereira Gonçalves','maria.cassiana@academico.ifpb.edu.br',95,0,1860),(261,'Francisca Edna Ferreira Felix','edna.felix@academico.ifpb.edu.br',95,0,1861),(262,'Baldoino Sonildo Da Nóbrega','baldoinonobrega@gmail.com',95,0,1862),(263,'José Gabriel Gonçalves Lins','josegabriel_lins@hotmail.com',96,0,1854),(264,'Ana Valéria Mello De Souza Marques','anavaleriavet@homail.com',96,0,1963),(265,'Serginara David Rodrigues','serginararodrigues@hotmail.com',96,0,1964),(266,'Francisco Regilândio Pereira Da Silva','franciscoregilando@yahoo.com.br',96,0,1965),(267,'Alison Pedro E Silva','alison.pedro@ifpbensino.com.br',97,0,1858),(268,'Ruthylene Maria Fernandes Guedes','ruthylene.maria@ifpbensino.com.br',97,0,1868),(269,'Jose Carlos De Lima Alves','jose.carlos@ifpbensino.com.br',97,0,1869),(270,'Aline Figueiredo Nobrega De Azeredo','alinefnobrega@hotmail.com',97,0,1870),(271,'José Ivelton Siqueira Lustosa','jose.lustosa@ifpb.edu.br',98,0,1867),(272,'Orminda Heloana Martins Da Silva','heloana.m@gmail.com',98,0,2721),(273,'Fabiana Dantas Da Costa','fabiana.dantas02@hotmail.com',98,0,2722),(274,'Gilvanete De Lima Galdino','gilvanetelg@gmail.com',99,0,1873),(275,'Tatiana Losano De Abreu','tatiana.abreu@ifpb.edu.br',99,0,1891),(276,'Anna Cecília Chaves Gomes','annacecilia.cg@gmail.com',99,0,1892),(277,'Bruna Lyra Alves De Almeida','brunalyralves@gmail.com',99,0,1893),(278,'Katarina Chaves Lacerda','katarinalacerda@gmail.com',99,0,1894),(279,'Inakã Silva Barreto','inaka.barreto@ifpb.edu.br',100,0,1874),(280,'Maria Alice Martins Silva','alicemartinsf7@gmail.com',100,0,1885),(281,'Laércio Rodrigues Carvalho','laercio.carvalho@ifpbensino.com.br',101,0,1875),(282,'Lucas Jónatan Rodrigues Silva','lucasrodriguesejc@gmail.com',101,0,1882),(283,'Gilvanete De Lima Galdino','gilvanetelg@gmail.com',102,0,1877),(284,'Tatiana Losano De Abreu','tatiana.abreu@ifpb.edu.br',102,0,1886),(285,'Anna Cecília Chaves Gomes','annacecilia.cg@gmail.com',102,0,1887),(286,'Bruna Lyra Alves De Almeida','brunalyralves@gmail.com',102,0,1888),(287,'Katarina Chaves Lacerda','katarinalacerda@gmail.com',102,0,1889),(288,'Cláudio Dybas Natividade','claudio.natividade@ifpb.edu.br',103,0,1879),(289,'Lucinei Inácio Brito','lucineiinacio@hotmail.com',103,0,1880),(290,'Michel Araújo Ataíde','michel.aa@hotmail.com',103,0,1881),(291,'Lucinei Inácio Brito','lucineiinacio@hotmail.com',103,0,1883),(292,'Michel Araújo Ataíde','michel.aa@hotmail.com',103,0,1884),(293,'Joselito Da Silva Souza Junior','joselito.junior93@gmail.com',104,0,1890),(294,'Joedna Sabino De Souza','eddnasouza@gmail.com',104,0,1902),(295,'Bruno Enedino De Oliveira Silva','brunoenedino@hotmail.com',104,0,1969),(296,'Lucas Caetano De Oliveira Custódio','lucascaetano95@hotmail.com',104,0,1970),(297,'Paulena Araújo Santana','paulenaip@hotmail.com',105,0,1896),(298,'Robson Arruda Dos Santos','robson.santos@ifpb.edu.br',105,0,1934),(299,'Francisco Felipe Pedrosa Bezerra','felipe.civilpedrosa@gmail.com',105,0,1935),(300,'José Gabriel Gonçalves Lins','josegabriel_lins@hotmail.com',106,0,1897),(301,'Serginara David Rodrigues','serginararodrigues@hotmail.com',106,0,1911),(302,'Amélia Lizziane Leite Duarte','amelia.duarte@ifpb.edu.br',106,0,1912),(303,'Amaíra Casimiro Do Nascimento','amaira_casimiro@hotmail.com',106,0,1913),(304,'John Williams Ferreira De Souza','williamsip2012@gmail.com',107,0,1898),(305,'Monaliza Araújo Parnaíba','monaliza.araujo@academico.ifpb.edu.br',107,0,1907),(306,'Patrício Luiz De Andrade','patricio.andrade@ifpb.edu.br',107,0,1908),(307,'Bruno De Medeiros Souza','bruno.medeiros@ifpb.edu.br',107,0,1909),(308,'Lucas Jhônata Ramos Silva','lauhanny12@gmail.com',108,0,1903),(309,'Robson José Souto Cordeiro Neto','rjoseneto@hotmail.com',108,0,1917),(310,'Edmilson Dantas Silva Filho','edmsegundo@hotmail.com',108,0,1918),(311,'Francisco De Assis Silveira Gonzaga','franciscoagonzaga@hotmail.com',108,0,1919),(312,'Liz Jully Hiluey Correia','lizjully@gmail.com',109,0,1904),(313,'Janielly Maria Moreira Lima','janiellymaria.jm@gmail.com',109,0,1914),(314,'Luanna Barbosa Amarante','luannabarbosa67@gmail.com',109,0,1915),(315,'Ane Josana Dantas Fernandes','anejfernandes@yahoo.com.br',109,0,1916),(316,'Clécia Rodrigues Fernandes Ribeiro','cleciarfr@gmail.com',110,0,1906),(317,'Thalia Ferreira Silva Felix','thaliahoechlin1805@gmail.com',110,0,1925),(318,'Augusto José Ferreira De Sales','augustojfsales@gmail.com',110,0,1926),(319,'Ezequias Nunes Ferreira','ezeknufe@gmail.com',110,0,1927),(320,'Victor Valério Landim Da Silva','vic.landim@hotmail.com',111,0,1923),(321,'Gastão Coelho De Aquino Filho','gascoelho@hotmail.com',111,0,1930),(322,'Kalina Pereira Medeiros','kalinamedeiros@gmail.com',111,0,1931),(323,'Gesivaldo Alves Figueirêdo','gesivaldojesus@yahoo.com.br',112,0,1933),(324,'Reynaldo Borges Galvão Serra','reynaldoifpb@hotmail.com',112,0,1937),(325,'Natanael Guedes Da Silva Neto','ngsneto@gmail.com',113,0,1938),(326,'Petronio Alencar De Medeiros','fcopetroniomedeiros@gmail.com',113,0,1944),(327,'Lafayette Batista Melo','lafagoo@gmail.com',113,0,1945),(328,'Poliana Sousa Epaminondas','polis.epaminondas@yahoo.com.br',114,0,1940),(329,'Edilene Vieira Dos Santos','edylene_santos@hotmail.com',114,0,1947),(330,'Carlos Christiano Lima Dos Santos','carloschristiano10@gmail.com',114,0,1948),(331,'Érika Lins Cesar','erikalins21@gmail.com',114,0,1949),(332,'Gabrieli Vieira Virgínio','gabrielevieirav15@hotmail.com',114,0,1950),(333,'Antonio Cicero Sousa','antonio.cicero@ifpb.edu.br',115,0,1943),(334,'Rômulo Henrique Teixeira Do Egito','romuloegito2@hotmail.com',115,0,1959),(335,'Glayson José Oliveira Da Silva','glayson_jose@hotmail.com',115,0,1960),(336,'Jadson Alexandre Souza','jadsonalexandreg@gmail.com',116,0,1946),(337,'Leonardo Soares Rodrigues','leonardo.soares.ws@gmail.com',117,0,1954),(338,'Luciano Ferreira De Azevedo','luciano.azevedo@academico.ifpb.edu.br',117,0,1974),(339,'Thalles Henrique Do Nascimento Araújo','thalles.henrique@academico.ifpb.edu.br',117,0,1975),(340,'Giuseppe Anthony Nascimento De Lima','giuseppe.lima@ifpb.edu.br',117,0,1976),(341,'Bruno De Souza Vasconcelos','bruno15gba@hotmail.com',118,0,1958),(342,'Lucas Caetano De Oliveira Custódio','lucascaetano95@hotmail.com',118,0,1971),(343,'Flavia Rhuana Pereira Sales','flavia.rhuana@outlook.com',118,0,1972),(344,'Alessandra Marcone Tavares Alves De Figueirêdo','alessandratavaresfigueiredo@ifpb.edu.br',118,0,1973),(345,'Joselito Da Silva Souza Junior','joselito.junior93@gmail.com',119,0,1962),(346,'Lucas Caetano De Oliveira Custódio','lucascaetano95@hotmail.com',119,0,1966),(347,'Bruno Enedino De Oliveira Silva','brunoenedino@hotmail.com',119,0,1967),(348,'Joedna Sabino De Souza','eddnasouza@gmail.com',119,0,1968),(349,'Gabriel Rodrigues Macedo Alves Da Silva','gabrielrmas@gmail.com',120,0,1977),(350,'Suzete Élida Nóbrega Correia','suzete.correia@gmail.com',120,0,1978),(351,'Jefferson Dagmar Pessoa Brandão','jefferson.brandao@ifpb.edu.br',121,0,1979),(352,'Thiago Mateus Dantas','thiago.matheus81@gmail.com',121,0,1980),(353,'Fábio Gomes Ribeiro','ribeirofg@gmail.com',121,0,1981),(354,'Claudiana Maria Da Silva Leal','claudiana.m.b.silva@gmail.com',122,0,1987),(355,'Verônica Lacerda Arnaud','veronica.arnaud@gmail.com',122,0,1988),(356,'Fernanda Monteiro De Abreu Lima','nandaabreulima@gmail.com',122,0,1989),(357,'Jean Carlos Costa','jean.costa@ifpb.edu.br',123,0,1993),(358,'Emilly Rebeca Araújo Gomes','emilly_rebeca@outlook.com.br',123,0,1994),(359,'Shirley Crystine Oliveira Leite','larajales10@hotmail.com',123,0,1995),(360,'Franklin Medeiros Galvão','franklin.galvao@ifpb.edu.br',124,0,1997),(361,'José Silva Junior','Elson.2056@gmail.com',125,0,2011),(362,'Frederico Campos Pereira','fredcampos2000@yahoo.com.br',125,0,2012),(363,'Edinalva Alves Vital Santos','ednalva.avs@gmail.com',125,0,2013),(364,'Ivanice Santos Silva','ivanicebio@gmail.com',125,0,2014),(365,'Alves Vital Santos','ednalva.avs@gmail.com',126,0,2015),(366,'Frederico Campos Pereira','fredcampos2000@yahoo.com.br',126,0,2016),(367,'Cassius Ricardo Santana Silva','cassius.santana@ifpb.edu.br',126,0,2017),(368,'José Elson Silva Junio','elson2056@gmail.com',126,0,2018),(369,'Ana Paula Santos De Araújo Ferreira','anapaulasantos_picui@hotmail.com',127,0,2026),(370,'Girlene Marques Formiga','gformiga@uol.com.br',127,0,2027),(371,'Maria Da Conceição Monteiro Cavalcanti','mcmcavalcanti2012@gmail.com',127,0,2028),(372,'Dayane Gomes Da Silva','ddayanegomes@gmail.com',128,0,2035),(373,'Fábio Wellington Cunha De Souza','fabiowellington@yahoo.com.br',128,0,2036),(374,'Maria Eduarda Cândido Da Silva','Salaifpb@gmail.com',128,0,2037),(375,'Francisca Sabrina Gervázio Severo','gervaziosabrina@gmail.com',128,0,2038),(376,'Vitor Hugo Gomes','vitor_gomes_18@live.com',129,0,2044),(377,'Renata Franca De Pontes','renata.pontes@ifpb.edu.br',129,0,2054),(378,'Carlos Avelino Da Silva Camelo','carlos.avelino2.0@gmail.com',129,0,2055),(379,'Gilvonaldo Alves Da Silva Cavalcanti','givonaldoc@gmail.com',129,0,2056),(380,'Fabio Wellington Cunha De Souza','fabio.souza@ifpb.edu.br',130,0,2045),(381,'Icaro Alencar Rodrigues','kikoicaro@hotmail.com',131,0,2046),(382,'Maria José Andreza Gomes','andrezagmatematicas2@gmail.com',131,0,2047),(383,'Bruno Allison Araújo','bruno.araujo@ifpb.edu.br',132,0,2051),(384,'Bruno Allison Araújo','bruno.araujo@ifpb.edu.br',133,0,2052),(385,'Luzidelson Baracho Ribeiro','luzidelson.ribeiro@ifpb.edu.br',134,0,2060),(386,'Edvânia Da Silva Santana','silvaedvania400@gmail.com',134,0,2061),(387,'Marcos Felício Vieira','marcosfelicioviera@gmail.com',134,0,2062),(388,'Gustavo Correia De Moura','gustavo.moura@ifpb.edu.br',134,0,2063),(389,'Danniel Claudio De Araujo','danniel.araujo@ifpb.edu.br',135,0,2065),(390,'Cybelle Frazão Costa Braga','cybelle.braga@ifpb.edu.br',135,0,2066),(391,'Lucas Nobrega Ferreira','lucasnobrega86@gmail.com',135,0,2067),(392,'Lucas Rian Marques Da Silva','lucasmarquesrian@gmail.com',136,0,2068),(393,'Yasmin Ramos Peregrino','yasmin.peregrino@ifpb.edu.br',136,0,2069),(394,'Marta Simone Vital Barreto','simone.barreto@ifpb.edu.br',136,0,2070),(395,'Luiza Maria Medeiros De Lima','luiza.lima@ifpb.edu.br',136,0,2071),(396,'Ytalo Felipe Alves De Farias','ytalo.phillip@gmail.com',137,0,2073),(397,'Marta Simone Vital Barreto','simone.barreto@ifpb.edu.br',137,0,2074),(398,'Yasmin Ramos Peregrino','yasmin.peregrino@ifpb.edu.br',137,0,2075),(399,'Luiza Maria Medeiros De Lima','luiza.lima@ifpb.edu.br',137,0,2076),(400,'Antonio Souza Luna','martehipnos97@gmail.com',138,0,2081),(401,'José Padilha Silva','Josew937@gmail.com',138,0,2082),(402,'Rebeca Batista Bernardo','Rebekabatistabernardo@gmail.com',138,0,2083),(403,'Victor Silva Vasconcelos','victorpk10@gmail.com',138,0,2084),(404,'Talitha Alessandra Medeiros Ribeiro','medeirostalitha@gmail.com',139,0,2089),(405,'Lafayette Batista Melo','lafagoo@gmail.com',139,0,2458),(406,'Rhuan De Macedo Araujo','rhuan2mac@gmail.com',140,0,2091),(407,'Fábio Gomes Ribeiro','ribeirofg@gmail.com',140,0,2092),(408,'Thiago Martinho Macedo','thiagomacedo60@gmail.com',140,0,3643),(409,'Camila Campos Gómez Famá','camilafama@yahoo.com.br',141,0,2095),(410,'Joseph Hakkinen Alves Santos','novocinema@hotmail.com',141,0,2100),(411,'Débora Joicy Da Silva Dantas','deborajoicy@hotmail.com',141,0,2101),(412,'Esther Almeida Lima','estheralmeidalima@gmail.com',141,0,2102),(413,'Roberto Alves Bezerra','roberto.alvesbezerra11@gmail.com',142,0,2103),(414,'Wendel Silva Dantas','wendeldantas20@gmail.com',142,0,2104),(415,'George Estêfano Dos Santos Pereira','georgeestefanovet@gmail.com',142,0,2105),(416,'Vinícius Longo Ribeiro Vilela','vilelavlr@yahoo.com.br',142,0,2106),(417,'Josenildo Isidro Dos Santos Filho','josenildoisidro@gmail.com',143,0,2107),(418,'Henrique Bruno Lima De Oliveira','henriquuebruno@gmail.com',143,0,2596),(419,'Francisco De Assis Da Silveira Gonzaga','franciscoagonzaga@hotmail.com',143,0,2597),(420,'Emanuell Felipe Beserra Da Silva','emanuellfelipe@gmail.com',144,0,2113),(421,'Leticia Sabino Felix Da Costa','leticiasabino201@gmail.com',144,0,2114),(422,'Yohanna Vitória Fernandes Da Silva','yohanna_vitoria@msn.com',144,0,2115),(423,'Thaís Castelo-branco','thais_castelo@yahoo.com.br',144,0,2116),(424,'André Mariano Batista','marianopq@gmail.com',144,0,2117),(425,'Eliana Fátima Costa Lima','eliana_fcl@msn.com',145,0,2118),(426,'Davi Lopes Viana Silva','davilopes928@gmail.com',145,0,2120),(427,'Walison Sebastião Da Silva','walissonsilva13@hotmail.com',145,0,2121),(428,'Rodolfo Bolconte Donato','rodolfobolconte@gmail.com',146,0,2127),(429,'Gustavo Wagner','gustavo.mendes@ifpb.edu.br',146,0,2128),(430,'Weber Firmino Alves','weber.alves@ifpb.edu.br',147,0,2130),(431,'Josefa Maiara Diniz Silva','maiaraifpb@gmail.com',147,0,2131),(432,'Caroline Dos Santos Alves','caroldsalves@gmail.com',147,0,2132),(433,'Yasmim Cavalcante De Oliveira','maria.neves@ifpb.edu.br',148,0,2133),(434,'Maria Tereza De Souza Neves Da Cunha','maria.neves@ifpb.edu.br',148,0,2134),(435,'Degmar Francisco Dos Anjos','degmar.anjos@ifpb.edu.br',148,0,2135),(436,'Aline Soares De Lima','aline.lima@ifpb.edu.br',148,0,2136),(437,'Iraneide Gomes Da Silva','iragomes40.40@gmail.com',148,0,2137),(438,'Francisco Petrônio Alencar De Medeiros','fcopetroniomedeiros@gmail.com',149,0,2144),(439,'Aaron Santos','aaronpedro16@gmail.com',149,0,2147),(440,'Alber Jonathas Nunes Paz','alberjonathas@gmail.com',149,0,2148),(441,'Josivaldo Gomes Rodrigues Júnior','josivaldo.ifpb@gmail.com',149,0,2149),(442,'Eduardo Silva Dos Santos','eduardosantosbox@gmail.com',150,0,2150),(443,'Edjofli Dantas Viana','edjofli@hotmail.com',150,0,2151),(444,'Vike Regina Santana Santos','vikeregina2015@gmail.com',150,0,2152),(445,'Márcia Viana Da Silva','marcia.silva@ifpb.edu.br',150,0,2153),(446,'José Raimundo Barbosa','j.zmais@gmail.com',151,0,2154),(447,'Ruan Delgado Gomes','ruan.gomes@ifpb.edu.br',151,0,2155),(448,'Carlos Danilo Miranda Regis','carlos.regis@ifpb.edu.br',151,0,2156),(449,'Jean Felipe Fonseca De Oliveira','jeanfelipefonseca@gmail.com',151,0,2157),(450,'André Luís Gomes Da Silva','tr.andreluis@gmail.com',152,0,2158),(451,'Emerson Davi Alexandre Dos Santos','emersondavi2013@gmail.com',152,0,2159),(452,'Vitor Hugo Gomes','vitor_gomes_18@live.com',152,0,2160),(453,'Roberto Ranniere Cavalcante De Franca','rrraniere@gmail.com',152,0,2161),(454,'Dandara Monalisa Mariz Bezerra','dandara.bezerra@ifpb.edu.br',153,0,2162),(455,'José Severino De Araújo Júnior','juniorpaulo.ifpb@gmail.com',153,0,2163),(456,'Fábio Raniery Da Silva Alves Ferreira','fabirani8@gmail.com',153,0,2164),(457,'Ster Batista De Lima','sterbatistalima@gmail.com',153,0,2165),(458,'Maria Eduarda Santos Da Silva','dudaasantos09@gmail.com',153,0,2166),(459,'Ridelson Farias De Sousa','ridelsonfarias@yahoo.com.br',154,0,2173),(460,'William Reynaldo Lemos Guimarães','isailton2015@hotmail.com',154,0,2175),(461,'Antônio Cícero De Sousa','antonio.cicero@ifpb.edu.br',154,0,2176),(462,'João Melo','joao.melo@ifpb.edu.br',155,0,2174),(463,'Rafael Efrem','rafael.lima@ifpb.edu.br',156,0,2182),(464,'Bárbara Falqueto','barbarafalqueto1@gmail.com',156,0,2183),(465,'Thuany Alves','thuany.gomes@gmail.com',156,0,2184),(466,'Carlos Lisboa Duarte','carlos_lisboatf@hotmail.com',157,0,2185),(467,'Patrício Luiz De Andrade','patricio.luiz.andrade@gmail.com',157,0,2186),(468,'Joel Tavares','joel.tavares@academico.ifpb.edu.br',158,0,2188),(469,'Alex Sandro Da Cunha Rêgo','alex@ifpb.edu.br',158,0,2191),(470,'José Raimundo Barbosa','j.zmais@gmail.com',159,0,2190),(471,'Jocélia Da Hora Oliveira','joceliahora@gmail.com',159,0,2195),(472,'Jefferson Barbosa Belo Da Silva','jefferson.barbosa@ifpb.edu.br',159,0,2196),(473,'Nélio Frazão Chaves','neliofrazac@gmail.com',159,0,2197),(474,'Valéria Camboim Goes','valeria.goes@ifpb.edu.br',160,0,2198),(475,'Thyago De Almeida Silveira','thyago.silveira@gmail.com',160,0,2199),(476,'Antonio Carlos Vieira Neto','tonnynetto10@gmail.com',160,0,2200),(477,'Karolayny Rodrigues H. De Sousa','karolayny70@gmail.com',160,0,2201),(478,'Arlindo Neto Garcia','arlindo.neto@ee.ufcg.edu.br',161,0,2204),(479,'Flávia Dantas Da Nóbrega','flavinhanobrega@yahoo.com.br',162,0,2212),(480,'Jaíne Cândido De Goes','jaine.candido.ifpb@gmail.com',162,0,2223),(481,'Ana Beatriz Braz Cavalcanti De Macedo','beatrizbcmacedo@gmail.com',162,0,2224),(482,'Larissa Cabral Santiago','Larissacsantiago96@gmail.com',162,0,2225),(483,'Yasmim Lesiê Da Silva Medeiros','yasmimlesie2@gmail.com',162,0,2226),(484,'Fernanda Monteiro De Abreu Lima','nandaabreulima@gmail.com',163,0,2219),(485,'Claudiana Maria Da Silva Leal','claudiana.m.b.silva@gmail.com',163,0,2221),(486,'Welma Geane Rodrigues Dos Santos','welmageane35@gmail.com',164,0,2220),(487,'André Atanasio Maranhão Almeida','andre.almeida@ifpb.edu.br',165,0,2236),(488,'José Arthur Santos Silva','silva.arthur@academico.ifpb.edu.br',165,0,2238),(489,'Cleyton Caetano Souza','cleyton.caetano.souza@gmail.com',166,0,2237),(490,'Tamires Siqueira Rocha','tamiressiqueira12@gmail.com',166,0,2267),(491,'Antonio Justino Oliveira Neto','antonio.justino@outlook.com',166,0,2268),(492,'Ytallo Pereira Alves','ytallopereiralves@gmail.com',166,0,2269),(493,'Kaline Silva Castro','kaline.ifpb@gmail.com',167,0,2240),(494,'Ana Paula De Oliveira Soares','anapaula.soares0821@gmail.com',167,0,2242),(495,'Suzana Pinto Ferreira De Morais Da Silva','suzanapintofms@hotmail.com',167,0,2243),(496,'Antonio Lucas Lira Pereira','antoniolucaslira@outlook.com',167,0,2244),(497,'Vilson Lacerda Brasileiro Junior','vilson.brasileiro@ifpb.edu.br',167,0,3499),(498,'Alber Jonathas Paz','alberjonathas@gmail.com',168,0,2247),(499,'Cinthia Ferreira Silva','Cinthia.ferreira094@gmail.com',169,0,2248),(500,'Beatriz Batista Nascimento','Beatriznascimentoifpb@gmail.com',169,0,2250),(501,'Ana Cecília Araújo Isidio','Ceciliaisidio@gmail.com',169,0,2251),(502,'Ivy Mikeli Sousa Gomes','Ivymikeli.s.g@gmail.com',169,0,2252),(503,'José Alves Nascimento Neto','josealvesnneto@gmail.com',169,0,2253),(504,'Heitor Augusto Farias Oliveira','heitor.farol@gmail.com',170,0,2249),(505,'José Moacir Soares Da Costa Filho','jmscostafilho@gmail.com',170,0,2259),(506,'Camila Campos Gómez Famá','camilafama@yahoo.com.br',171,0,2254),(507,'Alex Pereira Dantas','alexdantas1001@gmail.com',171,0,2255),(508,'Luís Henrique Dantas De Medeiros','luish_dantas@gmail.com',171,0,2256),(509,'Thamyres Dantas Magno','thamyres.dantas.magno@gmail.com',171,0,2257),(510,'Kalliany Jalify Das Neves Miranda','kallianyjallify@gmail.com',172,0,2260),(511,'Luiz Fernando Alves Rodrigues','luiz.rodrigues@ifpb.edu.br',172,0,2270),(512,'João Victor Da Cunha Oliveira','joaovictorwo@gmail.com',173,0,2277),(513,'Endyara De Morais Cabral','endyara.engpetro@gmail.com',173,0,2284),(514,'Frankslale Fabian Diniz De Andrade Meira','frankslale.meira@ifpb.edu.br',173,0,2285),(515,'Valéria Camboim Goes','valeria.goes@ifpb.edu.br',174,0,2281),(516,'Pedro Paulo Sampaio De Lacerda','pedropaulosampaiodelacerda@yahoo.com.br',174,0,2292),(517,'Claudiana Maria Da Silva Leal','claudiana.m.b.silva@gmail.com',174,0,2293),(518,'Alisson Souto Da Silva','alissonsoutolds@gmail.com',174,0,2294),(519,'Artilson Adelino Da Silva','artilsonadelinodasilva@gmail.com',174,0,2295),(520,'Bruna Lima','brunaalicetl@gmail.com',175,0,2283),(521,'Maize Virgolino','maizesousavirgolino@gmail.com',175,0,2287),(522,'Vera Wanderley','wanderley.vera@gmail.com',175,0,2288),(523,'Romulo Silva','romulo_celia@hotmail.com',175,0,2289),(524,'Jocélia Da Hora Oliveira','joceliahora@gmail.com',176,0,2286),(525,'Anna Cecília Chaves Gomes','annacecilia.cg@gmail.com',176,0,2296),(526,'Tatiana Losano De Abreu','tatiana.abreu@ifpb.edu.br',176,0,2297),(527,'Bruna Lyra Alves','brunalyralves@gmail.com',176,0,2298),(528,'Bruna De Araújo Campos','bruna.deac@gmail.com',177,0,2290),(529,'Fabianne Azevedo Santos','fabianne.santos@ifpb.edu.br',177,0,3492),(530,'Vitor Feitosa Nicolau','vitor.nicolau@ifpb.edu.br',177,0,3493),(531,'Rebeca Vinagre Farias','rebeca.farias@ifpb.edu.br',177,0,3494),(532,'Magno Dantas Dantas','thamyres.dantas.magno@gmail.com',178,0,2291),(533,'Weber Firmino Alves','weber.alves@ifpb.edu.br',179,0,2301),(534,'Lavínia Maria Casado Souto','laviniacasado2@outlook.com',179,0,2306),(535,'Tiago Sales Da Costa Barros','tiagosalesgeologia@outlook.com',179,0,2307),(536,'Alefe De Lima Moreira','delimaalefe@gmail.com',180,0,2302),(537,'José Alves Do Nascimento Neto','josealvesnneto@gmail.com',180,0,2308),(538,'João Victor Da Silva Alexandre','vitorjoo944@gmail.com',180,0,2309),(539,'Ismael Alves Lima','ismael87807394@gmail.com',180,0,2310),(540,'Richard De Lima Araújo','richardlima303@gmail.com',180,0,2311),(541,'Mauricio Miranda Sarmet','mauricio.sarmet@ifpb.edu.br',181,0,2303),(542,'Julio Cassemiro Da Silva Soares','juliocassemiros4@gmail.com',181,0,2304),(543,'Maria Eduarda Santos Da Silva','dudaasantos09@gmail.com',181,0,2305),(544,'Mayara Carla Marques','mayaracarlamarques@gmail.com',182,0,2314),(545,'Danielle Vasconcelos Rodrigues','danielleletras.123@gmail.com',182,0,2317),(546,'Marcelo Pereira Cruz','marcelo152act@hotmail.com',182,0,2318),(547,'Tatiana Losano De Abreu','tatiana.abreu@ifpb.edu.br',182,0,2319),(548,'Thais Mayagela Sabrina Souza Cavalcante','thayssabrina-gba@hotmail.com',183,0,2315),(549,'Maria Heloísa Da Silva Marinho','mariaheloisa2015@hotmail.com',183,0,2324),(550,'Josinaldo Oliveira Da Silva','josinaldo00@hotmail.com',183,0,2325),(551,'Rômulo Leite Amorim','amorimromulo@gmail.com',183,0,2326),(552,'Talitha Alessandra Medeiros Ribeiro','medeirostalitha@gmail.com',184,0,2321),(553,'Damires Yluska De Souza Fernandes','damires@ifpb.edu.br',184,0,2357),(554,'Alex Sandro Da Cunha Rêgo','alex@ifpb.edu.br',184,0,2358),(555,'Joffily Ferreira Dos Santos','joffilyferreira@gmail.com',184,0,2359),(556,'Raquel Priscila Ibiapino','raquel.ssu@gmail.com',185,0,2323),(557,'Kaline Silva Castro','kaline.ifpb@gmail.com',185,0,2330),(558,'Vilson Lacerda Brasileiro Junior','vilson.brasileiro@ifpb.edu.br',185,0,2331),(559,'Walter Bruno Pereira Brito','walterneves07@gmail.com',185,0,2332),(560,'Raphael Henrique Falcão Melo','raphael.melo@ifpb.edu.br',186,0,2340),(561,'Eduardo Bruno Souza De Oliveira','brunoe118@gmail.com',186,0,2343),(562,'João Vitor De Oliveira Marques','joao.vitor@ufcg.edu.br',186,0,2344),(563,'João Baptista Da Costa Agra De Melo','joao.agra@ufcg.edu.br',186,0,2345),(564,'João Guilherme Sales De Oliveira','j.guilherme.s.oliveira2@gmail.com',187,0,2341),(565,'Robert De Lima Araújo','robertlima150@gmail.com',187,0,2350),(566,'José Alves Nascimento Neto','josealvesnneto@gmail.com',187,0,2351),(567,'André Luiz Silva','andre.silvajp@gmail.com',187,0,2352),(568,'Antonio Isaac Luna De Lacerda','isaac.cardoso@gmail.com',188,0,2346),(569,'Affonso Marques Quintas Neto','affonsonetoguitar@gmail.com',188,0,2348),(570,'Izaak Emanuel Nunes Costa','izaakemnl@gmail.com',188,0,2349),(571,'Victor Samuel Lopes','victor.saallo2000@gmail.com',189,0,2347),(572,'Antonio Isaac Isaac Luna De Lacerda','isaac.cardoso@gmail.com',190,0,2353),(573,'Michelly Galdino Alves','malves2601@gmail.com',190,0,2354),(574,'Ster Batista De Lima','sterbatistalima@gmail.com',190,0,2355),(575,'Diego Gomes De Sousa','diegogomees28@gmail.com',191,0,2356),(576,'Débora Janine Dos Santos Marques','debrinha.janine@gmail.com',191,0,2361),(577,'Antonio Cicero De Sousa','antoniocicero1@yahoo.com.br',191,0,2362),(578,'Reynaldo Borges Galvão Serra','reynaldoifpb@hotmail.com',191,0,2363),(579,'Guilherme Rodrigues Nazário','nazarioautomacao@gmail.com',192,0,2360),(580,'Antonio José Ferreira Gadelha','antonio.gadelha@ifpb.edu.br',193,0,2367),(581,'Mirelly Alexandre Gomes','gomesmirelly24@gmail.com',193,0,2373),(582,'Luis Carlos Dos Santos','luiscarlosenergisa@gmail.com',193,0,2374),(583,'Emanuel Victor Da Silva Ramos','emanuelvramos@hotmail.com',193,0,2375),(584,'Emerson Timoteo De Acantara','meson.alcantara@gmail.com',194,0,2376),(585,'Roberto Alves Bezerra','roberto.alvesbezerra11@gmail.com',194,0,2395),(586,'Kaio De Sá Nóbrega','kaiovaqueiro35@gmail.com',194,0,2396),(587,'Rodrigo Formiga Leite','rodrigoformigaleite@gmail.com',194,0,2397),(588,'Leonardo De Souza Dias','leonardodiaspb@gmail.com',195,0,2380),(589,'Assis Barbosa De Lira Neto','assis-lira98@outlook.com',195,0,2406),(590,'Alice Vitoria Serafim Beserra','alicevitoriasb@outlook.com',195,0,2407),(591,'André Albino De Sousa','andresousa.ec3@gmail.com',195,0,2408),(592,'Aurélia Emanoela De Freitas Gonçalves Landim','emanuelalandim@gmail.com',195,0,2409),(593,'Joseli Maria Da Silva','joseliprofessora@gmail.com',196,0,2382),(594,'Luciana Dos Santos Mello Dias','lucianadossantosmellodias@gmail.com',196,0,2392),(595,'Maria Elaine Silva Dos Santos','es811704@gmail.com',197,0,2387),(596,'Izabel Vieira Carneiro','izabel_ivc@hotmail.com',197,0,2401),(597,'Thiago Dos Reis Prado Vasconcelos','thiago_rp_13@outlook.com',197,0,2402),(598,'Dayvid Jonathan Andrade Ferreira','dayvidaf7@gmail.com',197,0,2935),(599,'Amanda Jéssica Rodrigues Silva','amanda.jessica25@hotmail.com',198,0,2398),(600,'Luís Romeu Nunes','romeu_nunes@hotmail.com',198,0,2414),(601,'Joseli Maria Da Silva','joseliprofessora@gmail.com',199,0,2413),(602,'Fabrício Vieira De Carvalho','fabriciopx12@hotmail.com',199,0,2416),(603,'Paula Daniele Torres De Castro Matos','paulamatos.editora@hotmail.com',199,0,2417),(604,'Paulo Cézar De Assis Costa','paulo-cezar-pc@live.com',199,0,2418),(605,'Rodolfo Raulin Figueirôa Dos Santos','rodolforaulin@gmail.com',199,0,2419),(606,'Thiago Martinho Macedo','thiagomacedo60@gmail.com',200,0,2420),(607,'Fábio Gomes Ribeiro','ribeirofg@gmail.com',200,0,2426),(608,'Rhuan Macedo Araújo','rhuan2mac@gmail.com',200,0,2427),(609,'Rivaldo Damacena Ramos','rivaldodamacenaifpb@gmail.com',201,0,2428),(610,'Mayara Carla Marques','mayaracarlamarques@gmail.com',201,0,2531),(611,'Anna Cecília Chaves Gomes','anna.gomes@ifpb.edu.br',201,0,2532),(612,'Jefferson Barbosa Belo Da Silva','jefferson.barbosa@ifpb.edu.br',201,0,2533),(613,'Nélio Frazão Chaves','neliofrazac@gmail.com',201,0,2534),(614,'Angela Araujo Nunes','angela.nunes@ifpb.edu.br',202,0,2429),(615,'Camila Campos Gómez Famá','camilafama@yahoo.com.br',203,0,2432),(616,'Andréa Deyse Pereira Da Silva','andreadeyse@outlook.com',203,0,2440),(617,'Alex Pereira Dantas','alexdantas1001@gmail.com',203,0,2441),(618,'Lourenço Neto De Medeiros Dantas','lou22091997@hotmail.com',203,0,2442),(619,'Daniel Medeiros Oliveira','danieloliveira1306@gmail.com',204,0,2436),(620,'José Carlos Fernandes Da Silva','carlinhosgba200@gmail.com',204,0,2444),(621,'Anna Cecília Chaves Gomes','anna.gomes@ifpb.edu.br',204,0,2445),(622,'Jefferson Barbosa Belo Da Silva','jefferson.barbosa@ifpb.edu.br',204,0,2446),(623,'Nélio Frazão Chaves','neliofrazac@gmail.com',204,0,2447),(624,'João Guilherme Sales De Oliveira','j.guilherme.s.oliveira2@gmail.com',205,0,2439),(625,'Robert De Lima Araújo','robertlima150@gmail.com',205,0,2449),(626,'José Alves Nascimento Neto','josealvesnneto@gmail.com',205,0,2450),(627,'André Luiz Silva','andre.silvajp@gmail.com',205,0,2451),(628,'Bianca Anacleto Araujo De Sousa','biancasspb@gmail.com',206,0,2452),(629,'Cícero De Souza Nogueira Neto','cicero.nogueira@ifpb.edu.br',206,0,2469),(630,'Geovany Ferreira Barrozo','geovany.sh75@gmail.com',206,0,2470),(631,'Breno Francisco Pereira','breno-francisco08@live.com',206,0,2471),(632,'Jéssica Silva','jessicasilva.admi@gmail.com',206,0,2472),(633,'Kennedy Flávio Lucena','kennedy.lucena@ifpb.edu.br',207,0,2453),(634,'Yokiny Chanti Cordeiro Pessoa','yokiny@hotmail.com',207,0,2718),(635,'Amanda Kelly De Sousa Costa','amanda-ifpb@hotmail.com',207,0,2719),(636,'Guilherme Andrade Arruda','aa.guilhermepb@gmail.com',207,0,2720),(637,'André Alencar Costa','andre.alencar@academico.ifpb.edu.br',208,0,2454),(638,'Damires Fernandez','damires@ifpb.edu.br',208,0,2455),(639,'Thyago Almeida Silveira','thyago.silveira@gmail.com',209,0,2459),(640,'Karolayny Rodrigues H. De Sousa','karolayny70@gmail.com',209,0,2464),(641,'Valéria Camboim Góes','valeria.goes@ifpb.edu.br',209,0,2465),(642,'Andressa De Araújo Porto Porto','andressa.vieira@ifpb.edu.br',209,0,2466),(643,'Lucas De Lima Oliveira','lucas13.gba@hotmail.com',210,0,2463),(644,'Thyago Almeida Silveira','thyago.silveira@gmail.com',211,0,2467),(645,'Valéria Camboim Góes','valeria.goes@ifpb.edu.br',211,0,2484),(646,'Antonio Carlos Vieira Neto','tonnynetto10@gmail.com',211,0,2485),(647,'Karolayny Rodrigues H. De Sousa','karolayny70@gmail.com',211,0,2486),(648,'André Atanasio Maranhão Almeida','andre.almeida@ifpb.edu.br',212,0,2481),(649,'Antônio Jesus Souza Melo Neto','antonio.jesus@ifpb.edu.br',212,0,2493),(650,'Anne Karine Queiroz Alves','anne.queiroz@ifpb.edu.br',212,0,2494),(651,'Luiz Carlos Alves Souza','luiz.souza@ifpb.edu.br',212,0,2495),(652,'Francisco Jordão Dias Monteiro','jordao.monteiro@academico.ifpb.edu.br',212,0,2496),(653,'Graziele Diniz Fernandes Pimenta','graziele.diniz@academico.ifpb.edu.br',212,0,2497),(654,'Janniele Ferreira Oliveira','Janniele.f@hotmail.com',213,0,2483),(655,'Maria Jailma Santos Duarte','m.jailma07@gmail.com',213,0,2487),(656,'Maria Denise Soares Severino','marydenyse02@gmail.com',213,0,2488),(657,'Kleyton Araújo Silva','araujo.kleyton2000@gmail.com',213,0,2489),(658,'Darllan Rocha','darllandarocha@gmail.com',213,0,2490),(659,'Suemmey Rocha Albuquerque Ramos','suemmey@gmail.com',214,0,2504),(660,'Fabianne Azevedo Dos Santos','fabianne_as@hotmail.com',214,0,2705),(661,'Lucas Araujo Silva','lucasarasil1@gmail.com',215,0,2505),(662,'Carlos Danilo Miranda Regis','danilo.regis@ifpb.edu.br',215,0,2512),(663,'Silvia Ferreira Claudia','silvia.andrade@ifpb.edu.br',216,0,2506),(664,'Ellen Fonseca Correia','ellencorreia.ef@hotmail.com',216,0,2553),(665,'Rosely Silva Modesto','roselymodestosilva@gmail.com',216,0,2554),(666,'Jessica De Souza Morais','jessicamorais205@gmail.com',217,0,2516),(667,'Lázaro De Abreu Silva','lazaro_abreu4@hotmail.com',218,0,2509),(668,'Brendo Araújo De Sena','brendoaraujo2@hotmail.com',218,0,2541),(669,'Mellyne Palmeira Medeiros','mellyne.medeiros@ifpb.edu.br',218,0,2542),(670,'Julianny De Paiva Alves','julianny.paiva@hotmail.com',219,0,2535),(671,'Raphaela Cristhina Claudino Moreira','raphaela.moreira@ifpb.edu.br',219,0,2544),(672,'Kauan Mateus Leodegário Silva','kauan.mateus13@gmail.com',220,0,2539),(673,'Thaís Mayagela Sabrina Souza Cavalcante','thayssabrina-gba@hotmail.com',220,0,2559),(674,'Anna Cecília Chaves Gomes','anna.gomes@ifpb.edu.br',220,0,2560),(675,'Jefferson Barbosa Belo Da Silva','jefferson.barbosa@ifpb.edu.br',220,0,2561),(676,'Nélio Frazão Chaves','neliofrazao@gmail.com',220,0,2562),(677,'Ellen Correia Oliveira','ellencorreia.ef@hotmail.com',221,0,2543),(678,'Silvia Claudia Ferreira De Andrade','silvia.andrade@ifpb.edu.br',221,0,2556),(679,'Thais Vitória Lopes Meireles Da Silva','thmeireles01@gmail.com',221,0,2557),(680,'Ana Cecilia De Araújo Isidio','ceciliaisidio@gmail.com',221,0,2558),(681,'Mayara Carla Marques','mayaracarlamarques@gmail.com',222,0,2548),(682,'Ana Esther De Carvalho Sarmento','gonmento@hotmail.com',222,0,2565),(683,'Anna Cecília Chaves Gomes','anna.gomes@ifpb.edu.br',222,0,2566),(684,'Jefferson Barbosa Belo Da Silva','jefferson.barbosa@ifpb.edu.br',222,0,2567),(685,'Nélio Frazão Chaves','neliofrazac@gmail.com',222,0,2568),(686,'Miqueas Galdino Santos','miqueasgaldino@gmail.com',223,0,2555),(687,'Rychelly Glennesson Da Silva Ramos','rychelly.g.ramos@ieee.org',223,0,2581),(688,'Paulo Ribeiro','paulo.lins@ifpb.edu.br',223,0,2582),(689,'Rayonara Medeiros Da Silva','rayonaramedeiros@yahoo.com.br',224,0,2563),(690,'Ellen Correia Oliveira','ellencorreia.ef@hotmail.com',225,0,2564),(691,'Silvia Claudia Ferreira De Andrade','silvia.andrade@ifpb.edu.br',225,0,2573),(692,'Thais Vitória Lopes Meireles Da Silva','thmeireles01@gmail.com',225,0,2574),(693,'Ana Cecilia De Araújo Isidio','ceciliaisidio@gmail.com',225,0,2575),(694,'Lucas De Lima Oliveira','lucas13.gba@hotmail.com',226,0,2569),(695,'Henrique Bruno Lima De Oliveira','henriquuebruno@gmail.com',227,0,2572),(696,'Josenildo Isidro Dos Santos Filho','josenildoisidro@gmail.com',227,0,2599),(697,'Wandernberg Bismarck Colaço De Lima','wandenberg.lima@ifpb.edu.br',227,0,2600),(698,'Francisco Assis Da Silveira Gonzaga','franciscoagonzaga@hotmail.com',227,0,2601),(699,'Marlon Renan Melo Da Costa','marlon.costa@ieee.org',228,0,2576),(700,'Marcelo Ruan Moura Araújo','marceloruan@ieee.org',228,0,2585),(701,'Paulo Ribeiro Lins Júnior','paulo.lins@ifpb.edu.br',228,0,2586),(702,'Jêronimo Silva Rocha','jeronimo@iecom.org.br',228,0,2587),(703,'João Melo','joao.melo@ifpb.edu.br',229,0,2577),(704,'Niara Fernandes Barbosa Formiga Dantas','niaraformiga@gmail.com',230,0,2583),(705,'Gabryella Lourenço Farias','gabryellalfarias@gmail.com',230,0,2588),(706,'Paola Cassiely Martins','paolacassielly@gmail.com',230,0,2589),(707,'Wedson Luís Dos Reis Dantas','wedson04luis@gmail.com',230,0,2590),(708,'Anna Aline Roque Santana Dantas','anna.dantas@ifpb.edu.br',230,0,2591),(709,'Diego Fernandes','diego.ee@outlook.com',231,0,2602),(710,'Arlindo Garcia','arlindo.neto@ee.ufcg.edu.br',231,0,2607),(711,'João Melo','joao.melo@ifpb.edu.br',232,0,2603),(712,'Samara Dos Santos Silva','samarasilva.cz@gmail.com',233,0,2604),(713,'Laynaslan Abreu Soares','laynaslanabreu@gmail.com',233,0,2619),(714,'Maria Francicarla Nascimento Moura','francicarla12@hotmail.com',233,0,2620),(715,'Isabela Calixto Matias','isabelacm.vet@gmail.com',233,0,2621),(716,'Lisanka Ângelo Maia','lisankavet@hotmail.com',233,0,2622),(717,'Artur Moises Gonçalves Lourenço','artur.lourenco@ifpb.edu.br',234,0,2612),(718,'Janaina Da Silva Oliveira','ojanaina650@gmail.com',234,0,2615),(719,'José Edson Bezerra','edsonnostop@gmail.com',234,0,2616),(720,'Erickson Melo De Albuquerque','erickson.albuquerque@ifpb.edu.br',234,0,2617),(721,'Rodiney Santos','marcelllobraga@hotmail.com',235,0,2613),(722,'José Farias','jose.airton.fernandes@gmail.com',235,0,2618),(723,'Carolina De Melo Costa','caroumelo1405@gmail.com',236,0,2614),(724,'Lucas Rocha Garcia','lucassasuke@gmail.com',236,0,2626),(725,'Elisa Maria Alves De Andrade','elisa12alves@gmail.com',236,0,2627),(726,'Pedro Simões Júnior','pedrojsoj@gmail.com',237,0,2631),(727,'Aldcejam Martins Da Fonseca Junior','aldcejamjunior@hotmail.com',238,0,2657),(728,'Naiane Araújo Felix','araujonaianne@outlook.com',238,0,2662),(729,'José Valdevan De Sousa Silva','valdevan.mva@gmail.com',238,0,2663),(730,'Francisco Ariclenes De Olinto','faolinto@gmail.com',238,0,2664),(731,'Luis Eduardo Pereira De Andrade Ferreira','l_eduardo_@hotmail.com',238,0,2665),(732,'Yngrid Keila Silva Cabral','yngrid.tecinfo@gmail.com',239,0,2660),(733,'Joab De Araújo Silva','joab.a.silva@ieee.org',239,0,2667),(734,'Jeronimo Silva Rocha','jeronimorocha@gmail.com',239,0,2668),(735,'Paulo Ribeiro Lins Júnior','paulo.ribeiro.lins.jr@gmail.com',239,0,2669),(736,'Giulyanne Maria Silva Souto','giulyanne.ufpb@gmail.com',240,0,2670),(737,'Lilia Cristina Lunguinho De Oliveira','lilia_lunguinho@hotmail.com',240,0,2681),(738,'Alinne Cardoso Albuquerque Ramos De Oliveira','alinnecardoso@hotmail.com',240,0,2682),(739,'Dafi Irenice De Abreu','dafi.abreu@gmail.com',241,0,2676),(740,'Sarahbelle Leitte Cartaxo Meneses','slcartaxo@yahoo.com.br',241,0,2677),(741,'Airton Danilo De Sousa Oliveira','airtdanilo@gmail.com',241,0,2679),(742,'Artur Alan Martins Oliveira','arturalanm@gmail.com',242,0,2675),(743,'Neilson Medeiros','neilson.amedeiros@gmail.com',243,0,2678),(744,'Jefferson Segundo De Lima','jefferson_2seg@hotmail.com',244,0,2687),(745,'Marlon Fernandes Gonçalves','marlonfnandes@gmail.com',244,0,2697),(746,'Yuri Emanoel Pereira','yuriemanoelpereira@gmail.com',244,0,2698),(747,'Carlos Henrique Alencar Almeida','henrique_alencar1@hotmail.com',244,0,2699),(748,'Suemmey Rocha Albuquerque Ramos','suemmey@gmail.com',245,0,2688),(749,'Bruna De Araújo Campos','bruna.deac@gmail.com',245,0,2913),(750,'Vitor Feitosa Nicolau','vitorfnicolau@gmail.com',245,0,2914),(751,'Fabianne Azevedo Dos Santos','fabianne_as@hotmail.com',245,0,2915),(752,'Vinicius Otávio Gomes','vinicius.gouveia.gomes@gmail.com',246,0,2689),(753,'Cleyton Caetano Souza','cleyton.caetano.souza@gmail.com',246,0,2700),(754,'Mayara Carla Marques','mayaracarlamarques@gmail.com',247,0,2696),(755,'Ana Esther De Carvalho Sarmento','gonmento@hotmail.com',247,0,2701),(756,'Anna Cecília Chaves Gomes','anna.gomes@ifpb.edu.br',247,0,2702),(757,'Jefferson Barbosa Belo Da Silva','jefferson.barbosa@ifpb.edu.br',247,0,2703),(758,'Nélio Frazão Chaves','neliofrazac@gmail.com',247,0,2704),(759,'Danielly Vieira De Lucena','daniellymateriais@gmail.com',248,0,2714),(760,'Maria Eduarda Da Silva Barbosa','meduardasilva57@gmail.com',248,0,2895),(761,'Gabrielle De Sousa Brito','gabriellesbrito@gmail.com',248,0,2896),(762,'Clarice Oliveira Rocha','clariceoliveirarocha@gmail.com',248,0,2897),(763,'Alexsandro Trindade Sales da Silva','atualizar@academico.ifpb.edu.br',249,0,0),(764,'Lucas Rhenan Olegario de Franca','atualizar@academico.ifpb.edu.br',260,0,0),(765,'Kleyton de Araujo Silva','atualizar@academico.ifpb.edu.br',260,0,0),(766,'Joao Guilherme Sales de Oliveira','atualizar@academico.ifpb.edu.br',260,0,0),(767,'Ruan dos Santos Costa','atualizar@academico.ifpb.edu.br',260,0,0),(768,'Francisco Cassimiro Neto','atualizar@academico.ifpb.edu.br',260,0,0),(769,'Rafael Almeida de Franca','atualizar@academico.ifpb.edu.br',261,0,0),(770,'Hilkerley Martins Lira','atualizar@academico.ifpb.edu.br',261,0,0),(771,'Dorgivan de Souza Pereira','atualizar@academico.ifpb.edu.br',261,0,0),(772,'Antonio Ricart Jacinto de Oliveira Medeiros','atualizar@academico.ifpb.edu.br',261,0,0),(773,'George Candeia de Sousa Medeiros','atualizar@academico.ifpb.edu.br',261,0,0),(774,'Ruty da Silva Cardoso','atualizar@academico.ifpb.edu.br',249,0,0),(775,'Affonso Marques Quintas Neto','atualizar@academico.ifpb.edu.br',262,0,0),(776,'Ivamberg Ivanildo da Silva','atualizar@academico.ifpb.edu.br',262,0,0),(777,'Luiz Henrique Melo Silva Nobrega','atualizar@academico.ifpb.edu.br',262,0,0),(778,'Emanuel de Souza Lacerda','atualizar@academico.ifpb.edu.br',263,0,0),(779,'Samuel de Sousa Linhares','atualizar@academico.ifpb.edu.br',249,0,0),(780,'Luciana Rodrigues Cirino','atualizar@academico.ifpb.edu.br',263,0,0),(781,'Carlos Eduardo Suassuna Santiago','atualizar@academico.ifpb.edu.br',249,0,0),(782,'Anna Nery de Sousa Teotonio David','atualizar@academico.ifpb.edu.br',263,0,0),(783,'Isaiane Rozado Pereira','atualizar@academico.ifpb.edu.br',263,0,0),(784,'Ytalo Felipe Alves de Farias','atualizar@academico.ifpb.edu.br',249,0,0),(785,'Marlon Tardelly Morais Cavalcante','atualizar@academico.ifpb.edu.br',263,0,0),(786,'Kathlin Goncalves do Nascimento','atualizar@academico.ifpb.edu.br',250,0,0),(787,'Michelly Galdino Alves','atualizar@academico.ifpb.edu.br',250,0,0),(788,'Antonio Isaac Luna de Lacerda','atualizar@academico.ifpb.edu.br',250,0,0),(789,'Affonso Marques Quintas Neto','atualizar@academico.ifpb.edu.br',251,0,0),(790,'Raphaell Maciel de Sousa','atualizar@academico.ifpb.edu.br',264,0,0),(791,'Kathlin Goncalves do Nascimento','atualizar@academico.ifpb.edu.br',251,0,0),(792,'Wesley Leandro de Sousa','atualizar@academico.ifpb.edu.br',264,0,0),(793,'Antonio Isaac Luna de Lacerda','atualizar@academico.ifpb.edu.br',251,0,0),(794,'José Vieira da Silva Neto','atualizar@academico.ifpb.edu.br',264,0,0),(795,'Pedro Henrique Rolim Silva','atualizar@academico.ifpb.edu.br',264,0,0),(796,'Davison Tavares da Silva','atualizar@academico.ifpb.edu.br',264,0,0),(797,'Kathlin Goncalves do Nascimento','atualizar@academico.ifpb.edu.br',252,0,0),(798,'Affonso Marques Quintas Neto','atualizar@academico.ifpb.edu.br',252,0,0),(799,'Raphaell Maciel de Sousa','atualizar@academico.ifpb.edu.br',265,1,0),(800,'Antonio Isaac Luna de Lacerda','atualizar@academico.ifpb.edu.br',252,0,0),(801,'Pedro Victor Jo Bastos','atualizar@academico.ifpb.edu.br',253,0,0),(802,'Natanael Queiroz de Oliveira','atualizar@academico.ifpb.edu.br',265,0,0),(803,'Larissa Bastos Juvito','atualizar@academico.ifpb.edu.br',253,0,0),(804,'Raphaell Maciel de Sousa','atualizar@academico.ifpb.edu.br',265,0,0),(805,'Lucas Pereira de Azevedo','atualizar@academico.ifpb.edu.br',253,0,0),(806,'Gerberson Felix da Silva','atualizar@academico.ifpb.edu.br',265,0,0),(807,'Jose Klebson de Souza Bastos','atualizar@academico.ifpb.edu.br',253,0,0),(808,'Josielho Canuto de Sena','atualizar@academico.ifpb.edu.br',265,0,0),(809,'Arley Willer Neves da Silva','atualizar@academico.ifpb.edu.br',253,0,0),(810,'Gustavo Pereira Bruno','atualizar@academico.ifpb.edu.br',265,0,0),(811,'Quezia Kaline Andrade Simao','atualizar@academico.ifpb.edu.br',254,0,0),(812,'Raphaell Maciel de Sousa','atualizar@academico.ifpb.edu.br',266,0,0),(813,'Ellem Sabryna Alves Soares','atualizar@academico.ifpb.edu.br',254,0,0),(814,'Natanael Queiroz de Oliveira','atualizar@academico.ifpb.edu.br',266,0,0),(815,'Esdras Luan Bezerra de Souza','atualizar@academico.ifpb.edu.br',254,0,0),(816,'Gerberson Felix da Silva','atualizar@academico.ifpb.edu.br',266,0,0),(817,'Carlos Alberto Nobrega Sobrinho','atualizar@academico.ifpb.edu.br',254,0,0),(818,'Josielho Canuto de Sena','atualizar@academico.ifpb.edu.br',266,0,0),(819,'Gustavo Pereira Bruno','atualizar@academico.ifpb.edu.br',266,0,0),(820,'Emilly Josy Bezerra Barbosa','atualizar@academico.ifpb.edu.br',255,0,0),(821,'Elaine da Silva Oliveira','atualizar@academico.ifpb.edu.br',255,0,0),(822,'Cristovao Macio de Oliveira Lima Filho','atualizar@academico.ifpb.edu.br',255,0,0),(823,'Jorge Malber Vieira de Araujo','atualizar@academico.ifpb.edu.br',256,0,0),(824,'Thiago Murillo Diniz da Fonseca','atualizar@academico.ifpb.edu.br',267,0,0),(825,'Joao Pedro de Araujo Mascarenhas','atualizar@academico.ifpb.edu.br',256,0,0),(826,'Joao Pedro Figueiredo Nobrega','atualizar@academico.ifpb.edu.br',267,0,0),(827,'Rafael Domingos da Silva','atualizar@academico.ifpb.edu.br',256,0,0),(828,'Eliabe Guerreiro da Paz','atualizar@academico.ifpb.edu.br',267,0,0),(829,'Andre Lucas Medeiros Martins','atualizar@academico.ifpb.edu.br',267,0,0),(830,'Victor Emmanuel da Silva Batista','atualizar@academico.ifpb.edu.br',256,0,0),(831,'Cristovao Macio de Oliveira Lima Filho','atualizar@academico.ifpb.edu.br',256,0,0),(832,'Ricardo Lima e Silva','atualizar@academico.ifpb.edu.br',267,0,0),(833,'Ranieri Lucas de Medeiros','atualizar@academico.ifpb.edu.br',257,0,0),(834,'Pedro Gabriel da Silva Casado','atualizar@academico.ifpb.edu.br',257,0,0),(835,'Manasses Mikaell Duarte Pereira','atualizar@academico.ifpb.edu.br',268,0,0),(836,'Matheus de Araujo Gomes','atualizar@academico.ifpb.edu.br',257,0,0),(837,'Luiz Januario Torres da Silva Filho','atualizar@academico.ifpb.edu.br',268,0,0),(838,'Luciano Alves dos Santos','atualizar@academico.ifpb.edu.br',257,0,0),(839,'Roberio Paredes Moreira Filho','atualizar@academico.ifpb.edu.br',268,0,0),(840,'Manasses Mikaell Duarte Pereira','atualizar@academico.ifpb.edu.br',269,0,0),(841,'Fernando Costa Fernandes Gomes','atualizar@academico.ifpb.edu.br',257,0,0),(842,'Luiz Januario Torres da Silva Filho','atualizar@academico.ifpb.edu.br',269,0,0),(843,'Roberio Paredes Moreira Filho','atualizar@academico.ifpb.edu.br',269,0,0),(844,'Ranieri Lucas de Medeiros','atualizar@academico.ifpb.edu.br',258,0,0),(845,'Thiago Vanilson Florencio','atualizar@academico.ifpb.edu.br',270,0,0),(846,'Eduardo Rodrigues Ferreira de Sousa','atualizar@academico.ifpb.edu.br',270,0,0),(847,'Pedro Gabriel da Silva Casado','atualizar@academico.ifpb.edu.br',258,0,0),(848,'Matheus de Araujo Gomes','atualizar@academico.ifpb.edu.br',258,0,0),(849,'Rildo Maciel Berto da Silva','atualizar@academico.ifpb.edu.br',270,0,0),(850,'Luciano Alves dos Santos','atualizar@academico.ifpb.edu.br',258,0,0),(851,'Roberto Ranniere Cavalcante de Franca','atualizar@academico.ifpb.edu.br',270,0,0),(852,'Jose Gabriel de Sousa Silva','atualizar@academico.ifpb.edu.br',271,0,0),(853,'Fernando Costa Fernandes Gomes','atualizar@academico.ifpb.edu.br',258,0,0),(854,'Jose Yallis Santos da Silva','atualizar@academico.ifpb.edu.br',271,0,0),(855,'Danilo Caboclo Tenorio da Silva','atualizar@academico.ifpb.edu.br',271,0,0),(856,'Gabriel Henrique Vasconcelos da Silva','atualizar@academico.ifpb.edu.br',271,0,0),(857,'Ranieri Lucas de Medeiros','atualizar@academico.ifpb.edu.br',259,0,0),(858,'Roberto Ranniere Cavalcante de Franca','atualizar@academico.ifpb.edu.br',271,0,0),(859,'Pedro Gabriel da Silva Casado','atualizar@academico.ifpb.edu.br',259,0,0),(860,'Ruan Delgado Gomes','atualizar@academico.ifpb.edu.br',272,0,0),(861,'Matheus de Araujo Gomes','atualizar@academico.ifpb.edu.br',259,0,0),(862,'Gabriel Bandeira Carneiro','atualizar@academico.ifpb.edu.br',272,0,0),(863,'Luciano Alves dos Santos','atualizar@academico.ifpb.edu.br',259,0,0),(864,'Girleide Tereza Marculino de Oliveira','atualizar@academico.ifpb.edu.br',272,0,0),(865,'Fernando Costa Fernandes Gomes','atualizar@academico.ifpb.br',259,1,0),(866,'Fernando Costa Fernandes Gomes','atualizar@academico.ifpb.edu.br',259,0,0),(867,'Luciano Piquet','lucianopiquetdacruz@gmail.com',287,0,0),(868,'Claudiana M. da Silva Leal','claudiana@ifpb.edu.br',292,0,0),(869,'Alfredo Gomes Neto','alfredogomesjpa@gmail.com',293,0,0),(870,'José Pinheiro Queiroz Neto','mail@mail.mail',293,0,0),(871,'Luciano Toledo','mail@mail.mail',293,0,0),(872,'Everaldo Fernandes Monteiro','efernandesmont@uol.com.br',288,0,0),(873,'Francisco Fechine Borges','francisco.fechine@ifpb.edu.br',289,0,0),(874,'Hyggo Almeida','hyggo@dsc.ufcg.edu.br',290,1,0),(875,'Mateus Assis Maximo de Lima','mateus.lima@ifpb.edu.br',291,0,0),(876,'Hyggo Oliveira de Almeida','hyggo@dsc.ufcg.edu.br',291,0,0),(877,'Hyggo Oliveira de Almeida','hyggo@dsc.ufcg.edu.br',290,0,0),(878,'Profª Drª Márcia Gardênia Lustosa Pires','marcia.pires@ifpb.edu.br',324,0,0),(879,'Aline Storni','alistorni@gmail.com',325,0,0),(880,'Aline Storni','alistorni@gmail.com',326,0,0);
/*!40000 ALTER TABLE `autor` ENABLE KEYS */;
UNLOCK TABLES;

--
-- Table structure for table `cronograma`
--

DROP TABLE IF EXISTS `cronograma`;
/*!40101 SET @saved_cs_client     = @@character_set_client */;
/*!40101 SET character_set_client = utf8 */;
CREATE TABLE `cronograma` (
  `id` int(11) NOT NULL AUTO_INCREMENT,
  `nome` varchar(150) DEFAULT NULL,
  `data_realizacao` datetime DEFAULT NULL,
  `hora_inicio` time DEFAULT NULL,
  `hora_fim` time DEFAULT NULL,
  `evento_id` int(11) NOT NULL,
  `is_deleted` tinyint(1) DEFAULT '0',
  PRIMARY KEY (`id`),
  KEY `evento_id` (`evento_id`),
  CONSTRAINT `cronograma_ibfk_1` FOREIGN KEY (`evento_id`) REFERENCES `evento` (`id`)
) ENGINE=InnoDB AUTO_INCREMENT=13 DEFAULT CHARSET=utf8;
/*!40101 SET character_set_client = @saved_cs_client */;

--
-- Dumping data for table `cronograma`
--

LOCK TABLES `cronograma` WRITE;
/*!40000 ALTER TABLE `cronograma` DISABLE KEYS */;
INSERT INTO `cronograma` VALUES (1,'Dia 20','2017-11-20 00:00:00','14:00:00','22:00:00',2,0),(2,'Dia 21','2017-11-21 00:00:00','08:00:00','17:00:00',2,0),(3,'Dia 22','2017-11-22 00:00:00','08:00:00','17:00:00',2,0),(4,'Dia 23','2017-11-23 00:00:00','08:00:00','17:00:00',2,0),(5,'Dia 21 - SINTIF','2017-11-21 00:00:00','08:00:00','16:50:00',5,0),(6,'Dia 22 - SINTIF','2017-11-22 00:00:00','09:00:00','12:00:00',5,0),(7,'Abertura Simpif 3','2019-11-27 00:00:00','18:00:00','21:00:00',6,1),(8,'Minicurso - 1','2019-11-28 00:00:00','07:30:00','09:00:00',6,1),(9,'Abertura evento teste','2019-11-18 00:00:00','18:00:00','20:00:00',7,1),(10,'Dia 27 - 3º Simpif','2019-11-27 00:00:00','18:00:00','21:00:00',6,0),(11,'Dia 28 - 3º Simpif','2019-11-28 00:00:00','08:00:00','17:00:00',6,0),(12,'Dia 29 - 3º Simpif','2019-11-29 00:00:00','08:00:00','17:00:00',6,0);
/*!40000 ALTER TABLE `cronograma` ENABLE KEYS */;
UNLOCK TABLES;

--
-- Table structure for table `evento`
--

DROP TABLE IF EXISTS `evento`;
/*!40101 SET @saved_cs_client     = @@character_set_client */;
/*!40101 SET character_set_client = utf8 */;
CREATE TABLE `evento` (
  `id` int(11) NOT NULL AUTO_INCREMENT,
  `nome` varchar(150) DEFAULT NULL,
  `data_inicio` datetime DEFAULT NULL,
  `data_fim` datetime DEFAULT NULL,
  `ocs_conferencia_id` int(11) DEFAULT NULL,
  `ocs_evento_id` int(11) DEFAULT NULL,
  `is_deleted` tinyint(1) DEFAULT '0',
  PRIMARY KEY (`id`)
) ENGINE=InnoDB AUTO_INCREMENT=12 DEFAULT CHARSET=utf8;
/*!40101 SET character_set_client = @saved_cs_client */;

--
-- Dumping data for table `evento`
--

LOCK TABLES `evento` WRITE;
/*!40000 ALTER TABLE `evento` DISABLE KEYS */;
INSERT INTO `evento` VALUES (1,'I SELLIF','2017-11-29 00:00:00','2017-12-30 00:00:00',5,9,0),(2,'3º simpif','2017-11-20 00:00:00','2017-11-23 00:00:00',12,22,0),(3,'Reditec 2017','2017-11-20 00:00:00','2017-11-23 00:00:00',13,23,0),(4,'Mostra de Extensão e Cultura 2017','2017-11-21 00:00:00','2017-11-23 00:00:00',21,30,0),(5,'4º Seminário de Inovação Tecnológica do IFPB','2017-11-21 00:00:00','2017-11-22 00:00:00',0,0,0),(6,'3º Simpif - 2019','2019-11-27 00:00:00','2019-11-29 00:00:00',0,0,0),(7,'Evento teste','2019-11-18 00:00:00','2019-11-22 00:00:00',0,0,0),(8,'III SECITEC - Artigos completos','2019-12-03 00:00:00','2019-12-06 00:00:00',30,42,0),(9,'3º Simpósio de Pesquisa, Inovação e Pós-Graduação','2019-11-28 00:00:00','2019-11-30 00:00:00',33,45,0),(10,'XIV SEMANA DE EDUCAÇÃO CIÊNCIA E TECNOLOGIA - CAMPUS JOÃO PESSOA','2019-11-26 00:00:00','2019-11-30 00:00:00',38,50,0),(11,'IV Semana de Ciência, Tecnologia e Cultura - SECITEC 2019 - Catolé do Rocha','2019-11-21 00:00:00','2019-11-23 00:00:00',39,55,0);
/*!40000 ALTER TABLE `evento` ENABLE KEYS */;
UNLOCK TABLES;

--
-- Table structure for table `modalidade`
--

DROP TABLE IF EXISTS `modalidade`;
/*!40101 SET @saved_cs_client     = @@character_set_client */;
/*!40101 SET character_set_client = utf8 */;
CREATE TABLE `modalidade` (
  `id` int(11) NOT NULL AUTO_INCREMENT,
  `nome` varchar(255) NOT NULL,
  `evento_id` int(11) NOT NULL,
  `ocs_modalidade_id` int(11) DEFAULT NULL,
  `is_deleted` tinyint(1) DEFAULT '0',
  PRIMARY KEY (`id`),
  KEY `evento_id` (`evento_id`),
  CONSTRAINT `modalidade_ibfk_1` FOREIGN KEY (`evento_id`) REFERENCES `evento` (`id`)
) ENGINE=InnoDB AUTO_INCREMENT=107 DEFAULT CHARSET=utf8;
/*!40101 SET character_set_client = @saved_cs_client */;

--
-- Dumping data for table `modalidade`
--

LOCK TABLES `modalidade` WRITE;
/*!40000 ALTER TABLE `modalidade` DISABLE KEYS */;
INSERT INTO `modalidade` VALUES (1,'Comunicações Orais',1,19,0),(2,'Minicursos',1,20,0),(3,'Mostra Tecnológica',2,61,0),(4,'Iniciação Científica e Tecnológica - Ciência da computação',2,62,0),(5,'Iniciação Científica e Tecnológica - Ciências Agrárias',2,63,0),(6,'Iniciação Científica e Tecnológica - Ciências Biológicas',2,64,0),(7,'Iniciação Científica e Tecnológica - Ciência da Saúde',2,65,0),(8,'Iniciação Científica e Tecnológica - Ciência Exatas e da terra',2,66,0),(9,'Iniciação Científica e Tecnológica - Ciências Humanas',2,67,0),(10,'Iniciação Científica e Tecnológica - Educação',2,68,0),(11,'Iniciação Científica e Tecnológica - Ciências Sociais Aplicadas',2,69,0),(12,'Iniciação Científica e Tecnológica - Engenharias I',2,70,0),(13,'Iniciação Científica e Tecnológica - Engenharias II',2,71,0),(14,'Iniciação Científica e Tecnológica - Engenharias III',2,72,0),(15,'Iniciação Científica e Tecnológica - Engenharias IV',2,73,0),(16,'Iniciação Científica e Tecnológica - Linguística e Letras',2,74,0),(17,'Iniciação Científica e Tecnológica - Ensino',2,75,0),(18,'Iniciação Científica e Tecnológica - Multidisciplinar',2,76,0),(19,'Pós-Graduação - Ciência da computação',2,77,0),(20,'Pós-Graduação - Ciências Agrárias',2,78,0),(21,'Pós-Graduação - Ciências Biológicas',2,79,0),(22,'Pós-Graduação - Ciência da Saúde',2,80,0),(23,'Pós-Graduação - Ciência Exatas e da terra',2,81,0),(24,'Pós-Graduação - Ciências Humanas',2,82,0),(25,'Pós-Graduação - Educação',2,83,0),(26,'Pós-Graduação - Ciências Sociais Aplicadas',2,84,0),(27,'Pós-Graduação - Engenharias I',2,85,0),(28,'Pós-Graduação - Engenharias II',2,86,0),(29,'Pós-Graduação - Engenharias III',2,87,0),(30,'Pós-Graduação - Engenharias IV',2,88,0),(31,'Pós-Graduação - Linguística e Letras',2,89,0),(32,'Pós-Graduação - Ensino',2,90,0),(33,'Pós-Graduação - Multidisciplinar',2,91,0),(34,'Ensino',3,93,0),(35,'Pesquisa aplicada ou Inovação',3,94,0),(36,'Extensão',3,95,0),(37,'Gestão administrativa',3,96,0),(38,'Internacionalização',3,97,0),(39,'Meio Ambiente',8,130,0),(40,'Tecnologia',8,131,0),(41,'Trabalho e Saúde',8,132,0),(42,'Educação, Ensino e Metodologias',8,133,0),(43,'Cultura, Diversidade e Inclusão',8,134,0),(44,'Pós-graduação - Desenvolvimento de soluções institucionais (Artigo)',9,138,0),(45,'Pós-graduação - Desenvolvimento de soluções institucionais (Resumo)',9,139,0),(46,'Pós-graduação - Agricultura familiar/Cana-de-açúcar e seus derivados/Agroecologia (Resumo)',9,140,0),(47,'Pós-graduação - Arte e Cultura/Artesanato/Turismo/Couros e Calçados/Produção Têxtil (Resumo)',9,141,0),(48,'Pós-graduação - Medicina Veterinária/Recursos pesqueiros (Resumo)',9,142,0),(49,'Pós-graduação - Engenharia Elétrica/Automação/Robótica/Biotecnologia (Resumo)',9,143,0),(50,'Pós-graduação - Meio ambiente/Desenvolvimento sustentável/Tratamento e reuso de águas e efluentes (Resumo)',9,144,0),(51,'Pós-graduação - Tecnologia da Informação e comunicação (Resumo)',9,145,0),(52,'Pós-graduação - Setor de alimentos/Processamento de leite e derivados (Resumo)',9,146,0),(53,'Pós-graduação - Construção civil (Resumo)',9,147,0),(54,'Pós-graduação - Saúde e Segurança no Trabalho (Resumo)',9,148,0),(55,'Pós-graduação - Minerais Industriais/Ornamentais (Resumo)',9,149,0),(56,'Pós-graduação - Educação e Ensino (Resumo)',9,150,0),(57,'Pós-graduação - Administração/Gestão (Resumo)',9,151,0),(58,'Pós-graduação - Soluções científicas e tecnológicas voltadas à EaD (Resumo)',9,152,0),(59,'Pós-graduação - Mecânica/Materiais (Resumo)',9,153,0),(60,'Pós-graduação - Agricultura familiar/Cana-de-açúcar e seus derivados/Agroecologia (Artigo)',9,154,0),(61,'Pós-graduação - Arte e Cultura/Artesanato/Turismo/Couros e Calçados/Produção Têxtil (Artigo)',9,155,0),(62,'Pós-graduação - Medicina Veterinária/Recursos pesqueiros (Artigo)',9,156,0),(63,'Pós-graduação - Engenharia Elétrica/Automação/Robótica/Biotecnologia (Artigo)',9,157,0),(64,'Pós-graduação - Meio ambiente/Desenvolvimento sustentável/Tratamento e reuso de águas e efluentes (Artigo)',9,158,0),(65,'Pós-graduação - Tecnologia da Informação e comunicação (Artigo)',9,159,0),(66,'Pós-graduação - Setor de alimentos/Processamento de leite e derivados (Artigo)',9,160,0),(67,'Pós-graduação - Construção civil (Artigo)',9,161,0),(68,'Pós-graduação - Saúde e Segurança no Trabalho (Artigo)',9,162,0),(69,'Pós-graduação - Minerais Industriais/Ornamentais (Artigo)',9,163,0),(70,'Pós-graduação - Educação e Ensino (Artigo)',9,164,0),(71,'Pós-graduação - Administração/Gestão (Artigo)',9,165,0),(72,'Pós-graduação - Soluções científicas e tecnológicas voltadas à EaD (Artigo)',9,166,0),(73,'Pós-graduação - Mecânica/Materiais (Artigo)',9,167,0),(74,'Iniciação Científica Tecnológica - Desenvolvimento de soluções institucionais (Resumo)',9,168,0),(75,'Iniciação Científica Tecnológica - Agricultura familiar/Cana-de-açúcar e seus derivados/Agroecologia (Resumo)',9,169,0),(76,'Iniciação Científica Tecnológica - Arte e Cultura/Artesanato/Turismo/Couros e Calçados/Produção Têxtil (Resumo)',9,170,0),(77,'Iniciação Científica Tecnológica - Medicina Veterinária/Recursos pesqueiros (Resumo)',9,171,0),(78,'Iniciação Científica Tecnológica - Engenharia Elétrica/Automação/Robótica/Biotecnologia (Resumo)',9,172,0),(79,'Iniciação Científica Tecnológica - Meio ambiente/Des. sustentável/Tratamento e reuso de águas e efluentes (Resumo)',9,173,0),(80,'Iniciação Científica Tecnológica - Tecnologia da Informação e comunicação (Resumo)',9,174,0),(81,'Iniciação Científica Tecnológica - Setor de alimentos/Processamento de leite e derivados (Resumo)',9,175,0),(82,'Iniciação Científica Tecnológica - Construção civil (Resumo)',9,176,0),(83,'Iniciação Científica Tecnológica - Saúde e Segurança no Trabalho (Resumo)',9,177,0),(84,'Iniciação Científica Tecnológica - Minerais Industriais/Ornamentais (Resumo)',9,178,0),(85,'Iniciação Científica Tecnológica - Educação e Ensino (Resumo)',9,179,0),(86,'Iniciação Científica Tecnológica - Administração/Gestão (Resumo)',9,180,0),(87,'Iniciação Científica Tecnológica - Soluções científicas e tecnológicas voltadas à EaD (Resumo)',9,181,0),(88,'Iniciação Científica Tecnológica - Mecânica/Materiais (Resumo)',9,182,0),(89,'Iniciação Científica Tecnológica - Desenvolvimento de soluções institucionais (Artigo)',9,183,0),(90,'Iniciação Científica Tecnológica - Agricultura familiar/Cana-de-açúcar e seus derivados/Agroecologia (Artigo)',9,184,0),(91,'Iniciação Científica Tecnológica - Arte e Cultura/Artesanato/Turismo/Couros e Calçados/Produção Têxtil (Artigo)',9,185,0),(92,'Iniciação Científica Tecnológica - Medicina Veterinária/Recursos pesqueiros (Artigo)',9,186,0),(93,'Iniciação Científica Tecnológica - Engenharia Elétrica/Automação/Robótica/Biotecnologia (Artigo)',9,187,0),(94,'Iniciação Científica Tecnológica - Meio ambiente/Des. sustentável/Tratamento e reuso de águas e efluentes (Artigo)',9,188,0),(95,'Iniciação Científica Tecnológica - Tecnologia da Informação e comunicação (Artigo)',9,189,0),(96,'Iniciação Científica Tecnológica - Setor de alimentos/Processamento de leite e derivados (Artigo)',9,190,0),(97,'Iniciação Científica Tecnológica - Construção civil (Artigo)',9,191,0),(98,'Iniciação Científica Tecnológica - Saúde e Segurança no Trabalho (Artigo)',9,192,0),(99,'Iniciação Científica Tecnológica - Minerais Industriais/Ornamentais (Artigo)',9,193,0),(100,'Iniciação Científica Tecnológica - Educação e Ensino (Artigo)',9,194,0),(101,'Iniciação Científica Tecnológica - Administração/Gestão (Artigo)',9,195,0),(102,'Iniciação Científica Tecnológica - Soluções científicas e tecnológicas voltadas à EaD (Artigo)',9,196,0),(103,'Iniciação Científica Tecnológica - Mecânica/Materiais (Artigo)',9,197,0),(104,'Mostra Tecnológica',9,200,0),(105,'Submissões gerais',10,210,0),(106,'Submissões gerais',11,215,0);
/*!40000 ALTER TABLE `modalidade` ENABLE KEYS */;
UNLOCK TABLES;

--
-- Table structure for table `participante`
--

DROP TABLE IF EXISTS `participante`;
/*!40101 SET @saved_cs_client     = @@character_set_client */;
/*!40101 SET character_set_client = utf8 */;
CREATE TABLE `participante` (
  `id` int(11) NOT NULL AUTO_INCREMENT,
  `nome` varchar(150) DEFAULT NULL,
  `cpf` varchar(11) DEFAULT NULL,
  `email` varchar(255) DEFAULT NULL,
  `ocs_participante_id` int(11) DEFAULT NULL,
  `is_deleted` tinyint(1) DEFAULT '0',
  PRIMARY KEY (`id`)
) ENGINE=InnoDB AUTO_INCREMENT=752 DEFAULT CHARSET=utf8;
/*!40101 SET character_set_client = @saved_cs_client */;

--
-- Dumping data for table `participante`
--

LOCK TABLES `participante` WRITE;
/*!40000 ALTER TABLE `participante` DISABLE KEYS */;
INSERT INTO `participante` VALUES (1,'Fábio Albuquerque','69117349400','fabio.albuquerque@ifpb.edu.br',1,0),(2,'Carlos Danilo Miranda Regis','04479342443','danilo.regis@ifpb.edu.br',8,0),(3,'Márcia Fernanda Da Silva Santiago','08518428440','santiagofernanda226@gmail.com',22,0),(4,'Danielle Victor Fernandes','70322532450','daniellevictorf@gmail.com',34,0),(5,'Bruna Alice Taveira De Lima','04833426455','brunaalicetl@gmail.com',38,0),(6,'Thayuan Rolim De Sousa','05031758465','thayuan.rolim@gmail.com',53,0),(7,'Paulo Ixtnio Leite Ferreira','03690749476','paulo.ferreira@ifpb.edu.br',96,0),(8,'Alan Da Conceição Santos','07449656400','alan2santos@gmail.com',106,0),(9,'Claudiene Souza Hermida','91016797400','claudiene.souza@ifpb.edu.br',117,0),(10,'Maria Da Conceição Monteiro Cavalcanti','19561075415','mcmcavalcanti2012@gmail.com',176,0),(11,'Marcéu Oliveira Adissi','04921645418','marceu.adissi@ifpb.edu.br',186,0),(12,'Cleyton Leandro Galvão','05060947408','cleyton.galvao@ifpb.edu.br',236,0),(13,'Valnyr Vasconcelos Lira','92875157434','valnyr@ifpb.edu.br',247,0),(14,'Cândido De Gois','10542739445','jaine.candido.ifpb@gmail.com',255,0),(15,'Kelen Rodrigues Delfino','10872166481','rosane.ifpb@gmail.com',258,0),(16,'José Leonardo Santos Gomes','06253383400','leonardogeo@bol.com.br',277,0),(17,'Edmilson Dantas','95332227434','edmsegundo@hotmail.com',304,0),(18,'Jandeilson Alves De Arruda','00974073300','jandeilson_agro@hotmail.com',307,0),(19,'Laynaslan Abreu Soares','10256203482','laynaslanabreu@gmail.com',330,0),(20,'Alexandre Fonseca D\'andrea','74031236620','alexandre.dandrea@ifpb.edu.br',375,0),(21,'Gekbede Dantas Targino','03423776471','gekbedeifpb@yahoo.com.br',385,0),(22,'Silvana Cunha Costa','51185342400','silvana@ifpb.edu.br',429,0),(23,'Poliana Sousa Epaminondas','05344353430','polis.epaminondas@yahoo.com.br',435,0),(24,'Deisy Formiga Mamedes','08514033441','deisymamedes@gmail.com',450,0),(25,'Ruan Delgado Gomes','07983087454','ruan.gomes@ifpb.edu.br',451,0),(26,'Naianne Araújo Felix','05512784390','araujonaianne@outlook.com',457,0),(27,'José Gabriel Gonçalves Lins','08700888400','josegabriel_lins@hotmail.com',473,0),(28,'Fausto Veras Maranhão Ayres','86679880734','fausto.ayres@gmail.com',478,0),(29,'Maiara Gabrielle De Souza Melo','05544970424','maiara.melo@ifpb.edu.br',487,0),(30,'Mellyne Medeiros','05862384413','mellyne.medeiros@ifpb.edu.br',547,0),(31,'Rayssa Sousa De Andrade Toscano Lins','09438940421','rayssasatlins@gmail.com',570,0),(32,'Alysson Rufino Marques','09416282480','rufinoalysson@gmail.com',574,0),(33,'Cristiano Correia Lima','82680701453','cristiano.lima@ifpb.edu.br',589,0),(34,'João Romualdo De Sousa Neto','11623592429','joaonetogba98@gmail.com',625,0),(35,'Francisco Petrônio Medeiros','02739483422','petronio@ifpb.edu.br',649,0),(36,'Rafael Leite Efrem De Lima','06118558442','rafael.lima@ifpb.edu.br',679,0),(37,'Luísa Menacho','36907537400','lusia.menacho@ifpb.edu.br',711,0),(38,'Christinne Costa Eloy','87446596449','christinne.eloy@ifpb.edu.br',717,0),(39,'Claudia Luciene Silva','91764165420','claudia.silva@ifpb.edu.br',725,0),(40,'Valéria Goes','91706939434','valeria.goes@ifpb.edu.br',735,0),(41,'Aleksandro Guedes De Lima','71870717449','aleksandro@ifpb.edu.br',753,0),(42,'Rebeca Vinagre','04988105423','rebeca.farias@ifpb.edu.br',771,0),(43,'Lucas Cavalcanti Cruz','05171051445','lucasjop@gmail.com',781,0),(44,'Austriclinio Da Costa Wanderley','03067075439','austriclinio.wanderley@ifpb.edu.br',792,0),(45,'Aline De Azeredo','03109467437','aline.azeredo@ifpb.edu.br',796,0),(46,'Turla Alquete','03762401489','turla.alquete@gmail.com',804,0),(47,'Eduardo Silva Dos Santos','11483899462','eduardosantosbox@gmail.com',819,0),(48,'Romário Carneiro Rodrigues','12232252400','romario.carneiro@ifpbensino.com.br',917,0),(49,'Fabiola Jeronimo Duarte','08208594431','fabiolla-mf@hotmail.com',933,0),(50,'Erivan Lopes Tomé Jr','03993532406','erivan.tome@ifpb.edu.br',942,0),(51,'Maria Clara Ferreira Rodrigues','70600580440','mariaclarafr01@gmail.com',953,0),(52,'Eduarda Martins Marques','70796965420','maria.eduarda997@gmail.com',1044,0),(53,'Daniel Medeiros Oliveira','10572581483','danieloliveira1306@gmail.com',1116,0),(54,'Marília Quaresma Batista','08095033448','marilia.diferente@hotmail.com',1160,0),(55,'Você Joana Souto','09606911462','joanaenildo@hotmail.com',1162,0),(56,'Valdecir Teófilo Moreno','07063251848','valdecir.moreno@ifpb.edu.br',1164,0),(57,'Daiana Dryelen Pessoa França','08631663425','daiana.dpf@gmail.com',1170,0),(58,'Jucimar Casimiro De Andrade','','jucimarcandrade@gmail.com',1173,0),(59,'Alessandra Santos Lima','08295887440','alesantosw@gmail.com',1175,0),(60,'Maria Do Socorro Mariano Da Cunha','02345696460','msmcunha@gmail.com',1176,0),(61,'Germano Oliveira Germano','01365670457','obr123450@gmail.com',1177,0),(62,'João Paulo Assis Cabral','09344473498','joaopaulocabral@outlook.com',1178,0),(63,'Lucas Farias Martins','','lfariasmartins@hotmail.com.br',1179,0),(64,'Deisiane Amorim Da Silva','10251577457','deisiane_jp@hotmail.com',1180,0),(65,'João Paulo Ramalho Leite','09361386450','pauloramalhoh@hotmail.com',1181,0),(66,'Afonso Miguel Oliveira Macena','','ireniceoliveira04@gmail.com',1183,0),(67,'Marília Lins Carrazzoni','07385075479','m4rili4@gmail.com',1184,0),(68,'Margareth Thatcher Marinho','04383003435','margareth.marinho82@gmail.com',1185,0),(69,'Raissa Honorato Honorato Pontes','','raissa_h@hotmail.com',1186,0),(70,'Lídia Fernanda Santa Clara','86149023524','lidiafernanda10@hotmail.com',1187,0),(71,'Mariana Duarte Paulino','','marianad.2013.md@gmail.com',1188,0),(72,'Lucas Cardoso Dias','10869481495','lucas.cd@live.com',1189,0),(73,'Beatriz Dantas Fernandes','','beatriz_dfernandes@hotmail.com',1190,0),(74,'Jessica Monique Dos Santos Lima','','jessicamonique_318@hotmail.com',1191,0),(75,'Iris Lucena Pimentel Souto Maior','02426464410','iris.maior@ifpb.edu.br',1193,0),(76,'Marcos José Nascimento','00995768480','marcosnjunior@gmail.com',1194,0),(77,'Anifrancio Pereira Dantas','05762938492','anifrancio.informatica@gmail.com',1195,0),(78,'Mariana Freire Santiago','','marianafreiree@outlook.com',1198,0),(79,'Sanduelma Ramalho Lacerda','03033241476','sanduelma.john@gmail.com',1199,0),(80,'Nelma Mirian Chagas Araújo','43524010482','nelmamca@gmail.com',1201,0),(81,'Gibson Rocha Meira','51166950425','gibsonmeira@yahoo.com',1202,0),(82,'Vinícius Longo Ribeiro Vilela','07655138460','vilelavlr@yahoo.com.br',1204,0),(83,'José Lucínio De Oliveira Freire','19569750391','prof.lucinio@gmail.com',1205,0),(84,'Fernanda Monteiro De Abreu Lima','70110554442','nandaabreulima@gmail.com',1208,0),(85,'Manuela Da Silva Morais','01834174457','Manuelamorais2106@gmail.com',1210,0),(86,'Rhavy Maia Guedes','06457413455','rhavy.maia@gmail.com',1213,0),(87,'Natanael Queiroz Oliveira','10782726461','natanael.q.oliveira@gmail.com',1216,0),(88,'Dafi Irenice De Abreu','','dafi.abreu@hotmail.com',1218,0),(89,'Mauricio Miranda Sarmet','82807124100','mauricio.sarmet@ifpb.edu.br',1219,0),(90,'Fábio Ferraz','00755114442','fabio.ferraz@ifpb.edu.br',1220,0),(91,'Talitha Alessandra Medeiros Ribeiro','07579421488','medeirostalitha@gmail.com',1221,0),(92,'Clécia Rodrigues Fernandes Ribeiro','','cleciafernandes@hotmail.com',1222,0),(93,'Thalia Felix','','Thaliahoechlin1805@gmail.com',1223,0),(94,'Talita Kelly Pinheiro Lucena','','talita_kely@hotmail.com',1224,0),(95,'Randson Norman Santos De Souza','','randsonsantos25@gmail.com',1225,0),(96,'Joel Tavares','06762962467','joel.tavares@academico.ifpb.edu.br',1228,0),(97,'Adriana Guedes Castilho','02456406494','adrianapatrickdias@gmail.com',1229,0),(98,'Matheus Lêmos Dos Santos','10438037421','matheuslemoss18@gmail.com',1230,0),(99,'Jean Carlos Costa','05745540419','jean.costa@ifpb.edu.br',1231,0),(100,'Alves Vital Santos','07016704440','ednalva.avs@gmail.com',1232,0),(101,'Senhor José Ferreira De Sales','','augusto.sales@academico.ifpb.edu.br',1233,0),(102,'Gardênia Marinho Cordeiro','04060167479','gardenia.cordeiro@ifpb.edu.br',1235,0),(103,'Amanda Kaline Bezerra Gomes','01150672480','amandakaline@bol.com.br',1239,0),(104,'Glauciene Oliveira De Santana','','glauciene.santana@ifpb.edu.br',1240,0),(105,'Heitor Augusto Farias Oliveira','09403934417','heitor.farol@gmail.com',1241,0),(106,'Sr Roque Da Silva','02290702480','lidioroque@gmail.com',1246,0),(107,'Paul Yonggi Cho Constancio De Lima','10583544428','shaaka.cho@gmail.com',1250,0),(108,'Maria De Fátima Alves Figueiredo De Lacerda','','fatinhalacerda2011@hotmail.com',1255,0),(109,'Das Graças Amorim De Castro','46792783404','M.G.AMORIM@HOTMAIL.COM',1261,0),(110,'Defsson Douglas De Araújo Ferreira','70109883403','defssonifpb@gmail.com',1262,0),(111,'Aldeni Sudário De Sousa','05456055473','aldeni.sousa@ifpb.edu.br',1268,0),(112,'Tácio Vinícius Marinho Dos Santos','42165494893','vinimarinho2009@gmail.com',1276,0),(113,'Luciano Patrick Dias Gomes','','adriana-castilho@hotmail.com',1278,0),(114,'Pedro Paulo Sampaio De Lacerda','','pedro.lacerda@ifpb.edu.br',1280,0),(115,'Janaina Sales Holanda','00588769363','janaina.holanda@ifpb.edu.br',1281,0),(116,'Ana Beatriz Braz Cavalcanti De Macêdo','07090988473','beatrizbcmacedo@gmail.com',1283,0),(117,'Senhora Costa Rocha','00078438446','sabrina.rocha@ifpb.edu.br',1285,0),(118,'Luciana Trigueiro De Andrade','02445978475','luciana.andrade@ifpb.edu.br',1287,0),(119,'Caroline Santos Alves','12852610469','caroldsalves@gmail.com',1296,0),(120,'Weber Firmino Alves','00838672442','weber.alves@ifpb.edu.br',1297,0),(121,'Carlos Alberto Da Silva Júnior','01144335264','carloschemistry@icloud.com',1300,0),(122,'Laila Lizandra Figueredo Sousa','70950371408','lailalizandra04@gmail.com',1303,0),(123,'Lindomar Lúcio Da Silva Sobrinho','13054229459','sobrinholindomarifpb@gmail.com',1305,0),(124,'Gustavo Pontes Borba','09380697481','gustavo.borba@hotmail.com',1317,0),(125,'Raphael Henrique Falcão Melo','07116015426','raphael.melo@ifpb.edu.br',1319,0),(126,'Elida Costa Do Nascimento','07342498459','eliidacn@hotmail.com',1321,0),(127,'Juliete Da Silva Souza','05398259300','julietesouza25@gmail.com',1322,0),(128,'Daniel Gabriel','10871445409','danielgabriel.s@outlook.com.br',1324,0),(129,'Monique Ximenes Medeiros','04959075457','moniqueximenes@yahoo.com.br',1333,0),(130,'Amanda Guerra De Araujo Cruz','07200856401','amanda.araujo@ifpb.edu.br',1336,0),(131,'Rhuan Macedo','12637922435','rhuan2mac@gmail.com',1340,0),(132,'Guilherme Augusto Andrade Ferreira','11319475418','guilhermeifpb@gmail.com',1344,0),(133,'Baldoino Sonildo Nóbrega','05284177460','sonildonobrega@hotmail.com',1349,0),(134,'José Carlos De Lima Alves','70301214492','jose.carlos@ifpbensino.com.br',1351,0),(135,'Maria Bezerra Silva','11634558499','vivianebezerra07@hotmail.com',1356,0),(136,'Náiron De Vasconcelos Sousa','02708867377','naironsousa@yahoo.com.br',1361,0),(137,'Jadson Alexandre Souza','10329748424','jadsonalexandreg@gmail.com',1362,0),(138,'Luanna Barbosa Amarante','11929080409','luannabarbosa67@gmail.com',1364,0),(139,'Mirvily Mirvily Cordeiro','09978922423','mirvily.cordeiro@ifpbensino.com.br',1366,0),(140,'Thiago Martinho Macedo','12091089419','thiagomacedo60@gmail.com',1370,0),(141,'Iza Maria Nunes','70147848466','izinhasilva14@hotmail.com',1371,0),(142,'Paulo Wbiratan Lopes Da Costa','05304442407','paulo_wbiratan@hotmail.com',1372,0),(143,'Ricardo Luis Mendes De Oliveira','05915129471','ricardo.oliveira@ifpb.edu.br',1382,0),(144,'Matheus Ramos Cordeiro','06021693485','teteu.t@gmail.com',1384,0),(145,'Joao Victor Carvalho Macedo','10536063460','victor.max@hotmail.com',1385,0),(146,'Elviro Lins','70591012413','elvirobisneto12@gmail.com',1386,0),(147,'Natanael Antônio Pessoa Da Silva','11681229455','natanaeljpc@gmail.com',1399,0),(148,'Mislene Rosa Dantas','08747686405','mislenedantas@hotmail.com',1400,0),(149,'Erika Lins Cesar','70205712479','erikalins11@hotmail.com',1401,0),(150,'Ariana Silva Guimaraes','03092086457','ariana.guimaraes@ifpb.edu.br',1403,0),(151,'Lucas De Lima Oliveira','10172916402','lucas13.gba@hotmail.com',1404,0),(152,'Marsoniel Felipe Da Costa','05975224489','nyehll_felipe@hotmail.com',1406,0),(153,'Anderson F. B. F. Da Costa','04330884437','anderson@ifpb.edu.br',1420,0),(154,'Reginaldo Amaral Cordeiro Junior','00818545526','reginaldo.cordeiro@ifpb.edu.br',1423,0),(155,'Joselito Da Silva Souza Junior','09518492476','joselito.junior93@gmail.com',1427,0),(156,'Natanael Guedes Da Silva Neto','07966187470','ngsneto@gmail.com',1430,0),(157,'Monaliza Araújo Parnaíba','10090040422','monaliza1310@gmail.com',1437,0),(158,'Angélica Benevides','10262575493','angelicatbff@gmail.com',1458,0),(159,'Alexandre Dias Sales De Morais','06493014476','alexandre.dias@academico.ifpb.edu.br',1459,0),(160,'Tullio Gomes','03523244498','tulliogomes@gmail.com',1460,0),(161,'Danielle Rodrigues Bezerra','11737368404','danielle.rb1209@gmail.com',1461,0),(162,'Vera Regina Wanderley','41915267404','vera.wanderley@ifpb.edu.br',1462,0),(163,'Sheila Elisabeth Da Silva','11388948427','sheila.elisabeth@outlook.com',1463,0),(164,'Melo Melo Melo','07600349400','matheusdmelos@gmail.com',1464,0),(165,'Alex Sandro Da Cunha Rêgo','83976817449','alex@ifpb.edu.br',1466,0),(166,'Kaline Castro','06546260492','kaline.ifpb@gmail.com',1468,0),(167,'Maria José Andreza Gomes','09202413444','andrezagmatematicaS2@gmail.com',1469,0),(168,'Jefferson Dagmar Pessoa Brandão','04768829406','jefferson.brandao@ifpb.edu.br',1470,0),(169,'Elizabeth Sales Gomes','10319674436','elizabeth-luiza2010@hotmail.com',1471,0),(170,'Alfrêdo Gomes Neto','33312079420','alfredogomesjpa@gmail.com',1472,0),(171,'Cruz Freitas Freitas','09934017407','amandafreitasc_@hotmail.com',1473,0),(172,'João Gabriel Nunes Da Silva','10349749477','jgabriel.nunes@hotmail.com',1474,0),(173,'Emanuelly Souza Monteiro','06745311402','mamymonnteiro@gmail.com',1476,0),(174,'Juliana Moreira De Sousa','11624129412','juliana.matematicaifpb@gmail.com',1479,0),(175,'Ana Paula Da Cruz Pereira De Moraes','03339574405','anacruce@yahoo.com.br',1480,0),(176,'Maria Jeane Martins De Freitas','77525418349','jeanefreitasifpb@gmail.com',1482,0),(177,'Antonio José Ferreira Gadelha','05606254484','antonio.gadelha@ifpb.edu.br',1484,0),(178,'Pereira Priscila Araujo','07432744408','thattypynell@hotmail.com',1485,0),(179,'Josenildo Isidro','09567949476','josenildoisidro@gmail.com',1486,0),(180,'Brenda Oliveira Coutinho','10902744402','brenda.pex@outlook.com',1490,0),(181,'Diego Gomes Sousa','09329453414','diegogomees28@gmail.com',1491,0),(182,'Wilza Carla Moreira Silva','84084189472','wilza.silva@ifpb.edu.br',1492,0),(183,'Danilo Rangel Arruda Leite','02327566436','danilorangel@buscapb.com.br',1493,0),(184,'Vitor Hugo Gomes','11942241488','vitor_gomes_18@live.com',1494,0),(185,'Camila Campos Gómez Famá','05918360417','camilafama@yahoo.com.br',1495,0),(186,'Esmeralda Cabral Da Silveira','95258159434','esmeraldacabraldasilveira@gmail.com',1496,0),(187,'Hevlla Oliveira Souza','10856748439','hevlla.o@gmail.com',1498,0),(188,'Rodolfo Bolconte Donato','08824942440','rodolfobolconte@gmail.com',1500,0),(189,'Yasmim Lesiê Da Silva Medeiros','09327083407','yasmimlesie2@gmail.com',1501,0),(190,'Thiago Mateus Dantas','10531010406','thiago.matheus81@gmail.com',1502,0),(191,'Carla Regina Martelleto','86960008620','carlamartelleto@gmail.com',1503,0),(192,'Kleyton De Araújo Silva','12473565406','araujo.kleyton2000@gmail.com',1504,0),(193,'Luis Carlos Estrela Ramos','10681269499','luiccarlos.ramos@gmail.com',1506,0),(194,'Ivana Daciana Dantas','10739054465','dacianaivana@gmail.com.br',1507,0),(195,'Junior Santos Junior','07539105437','fazcomunicacaovisual.jp@gmail.com',1508,0),(196,'Thaysa Tomáz De Aquino Gomes','10486031489','thaysa.tomaz@hotmail.com',1509,0),(197,'João Guilherme Sales De Oliveira','71202368492','j.guilherme.s.oliveira2@gmail.com',1512,0),(198,'Aluska Almeida','09439051418','aluska.almeida@gmail.com',1513,0),(199,'Mirelly Alexandre Gomes','08427901445','gomesmirelly24@gmail.com',1518,0),(200,'Edirailson Edirailson Quirino','11165240408','edirailson@gmail.com',1519,0),(201,'Danielly Vieira De Lucena','06430302474','daniellymateriais@gmail.com',1520,0),(202,'Emanuel Ramos','07625119408','emanuelvramos@hotmail.com',1521,0),(203,'Marilia Sarmento Luiz','10241130433','luiz_marilia@hotmail.com',1522,0),(204,'José Hilton Paz Sousa','70548172498','hilton@outlook.pt',1523,0),(205,'Rafael Franklin Alves Silva','04400373444','rafael.silva@ifpb.edu.br',1524,0),(206,'Dayane Gomes','07249790420','ddayanegomes@gmail.com',1525,0),(207,'Luciana Santos Mello Dias','01305798406','lucianadossantosmellodias@gmail.com',1526,0),(208,'Larissa Santiago','09100048461','larissacsantiago96@gmail.com',1529,0),(209,'Maria Luiza Freire De Oliveira','11578594456','luiza.freire1005@gmail.com',1531,0),(210,'Lucas Rocha Garcia','48252467881','lucassasuke2000@gmail.com',1532,0),(211,'Jailson Silva Alves','10247671401','jailsonalves21@gmail.com',1533,0),(212,'Alexandre Cabral Cabral','03204803562','karalkk@hotmail.com',1534,0),(213,'Nicolau Balduino Josefa Patricia','09952433441','patricia.balduino@hotmail.com',1535,0),(214,'Alysson Amaral Andrade','06785269407','Ramonalyssonn@gmail.com',1536,0),(215,'Alexandre Coelho Silva','12800888423','alexandre1000jr@gmail.com',1537,0),(216,'Joyce Alves','10323276423','jjoyceallves@gmail.com',1539,0),(217,'Vinicius Gomes','39751234867','vinicius.gouveia.gomes@gmail.com',1545,0),(218,'Amanda Jéssica Rodrigues Da Silva','10333506480','amanda.jessica25@hotmail.com',1548,0),(219,'Carlos Lisboa Duarte','07897414400','carloslisboacz@gmail.com',1549,0),(220,'Douglas Cassiano Da Silva','13409621440','douglascassiano@outlook.com',1550,0),(221,'Thamyres Andrade','09814488445','thamyresandrade.s@gmail.com',1552,0),(222,'Carlos Avelino Da Silva Camelo','08507362427','carlos.avelino2.0@gmail.com',1554,0),(223,'Julianny De Paiva Alves','70021682402','julianny.paiva@hotmail.com',1555,0),(224,'Renata França De Pontes','05098898404','renata.pontes@ifpb.edu.br',1556,0),(225,'Gilvonaldo Alves Da Silva Cavalcanti','11086817435','givonaldoc@gmail.com',1559,0),(226,'Leonardo Do Nascimento Dias','09673235414','leonardonascimento1994@hotmail.com',1560,0),(227,'Vamberto Monteiro Da Silva','67456863415','vambertomonteirodasilva@yahoo.com.br',1561,0),(228,'Natália Alves Pena Silva','10601608461','penanatalia726@gmail.com',1562,0),(229,'Maria Lúcia Vitória Batista Leite','07006480469','luciavitoriaifpb@gmail.com',1564,0),(230,'Rodrigo Leite','04314686480','rodrigoformigaleite@gmail.com',1566,0),(231,'Nemuel Gonçalves De Lima','08510099480','nemuel.lima@gmail.com',1567,0),(232,'Aristaco Alexandre De Brito Júnior','06507968455','ajota.bitcoin@gmail.com',1568,0),(233,'Jose Enildo Elias Bezerra','34537074434','enildoelias@yahoo.com.br',1569,0),(234,'Camila Marcelino De Almeida','70476190460','camilamarcelino13133@hotmail.com',1570,0),(235,'Louis Hélvio Rolim','61924555468','louis.britto@ifpb.edu.br',1571,0),(236,'Roberto Alves Bezerra','10172423481','roberto.alvesbezerra11@gmail.com',1572,0),(237,'Anaize Anália De Oliveira','03219455492','anaize.oliveira@ifpb.edu.br',1573,0),(238,'William Reynaldo Lemos Guimarães Silva','13101557470','williamreynaldo2016@hotmail.com',1574,0),(239,'Bruna De Araújo Campos','22741600821','bruna.deac@gmail.com',1575,0),(240,'Virginia Mirtes De Alcântara Silva','80459684434','virginia.mirtes2015@gmail.com',1577,0),(241,'Ianca Maria Silva','13164932456','iancasylva@gmail.com',1578,0),(242,'Gabriel Ferreira Vitor','13224414480','Gabrielv489@gmail.com',1579,0),(243,'Jose Mateus Santos','11065548419','josephmethew14@gmail.com',1580,0),(244,'Tamires Siqueira Rocha','11901491412','tamiressiqueira12@gmail.com',1581,0),(245,'Lucas Rian Marques Da Silva','71199503479','lucasmarquesrian@gmail.com',1582,0),(246,'Ytalo Felipe Alves De Farias','70949884430','ytalo.phillip@gmail.com',1583,0),(247,'Wendel Silva Dantas','05727730309','wendeldantas20@gmail.com',1584,0),(248,'Grazielle Firmino Araújo','07664906458','bgfaraujo@gmail.com',1585,0),(249,'Julierme Silva Araújo','05219976400','julierme.silva@gmail.com',1586,0),(250,'Danilo Pinheiro Pinheiro','10511070403','pinheiro.danilo03@gmail.com',1588,0),(251,'Jorge Fernando Hermida','18808090876','jorgefernandohermida@yahoo.com.br',1590,0),(252,'Ridelson Farias De Sousa','02663919403','ridelsonfarias@yahoo.com.br',1591,0),(253,'Larissa Amorim','10807609463','Ana_larissaamorim@hotmail.com',1592,0),(254,'Francisca Sabrina Gervázio','13183498421','francisca_sabrina@hotmail.com',1593,0),(255,'Maize Sousa Virgolino Araújo','91043867449','maizesousavirgolino@gmail.com',1594,0),(256,'Milton Bezerra Bezerra Do Vale','15568660468','milton.vale@ifrn.edu.br',1596,0),(257,'Yohanna Vitória Fernandes','70141752467','yohanna_vitoria@msn.com',1597,0),(258,'Ellen Correia Oliveira','01107586410','ellencorreia.ef@hotmail.com',1598,0),(259,'Thais Vitória Lopes Meireles Silva','13324451442','thmeireles01@gmail.com',1599,0),(260,'Ana Cecília De Araújo Isídio','13107414417','ceciliaisidio@gmail.com',1600,0),(261,'Eliana Fátima Costa Lima','06565878498','eliana_fcl@msn.com',1601,0),(262,'Adenilson Araújo Júnior','05115843420','adenilson.araujo@ifpb.edu.br',1602,0),(263,'Beatriz Batista Nascimento','13409485406','Beatriznascimentoifpb@gmail.com',1603,0),(264,'Janniele Ferreira Oliveira','70416349498','Janniele.f@hotmail.com',1604,0),(265,'Cinthia Ferreira Silva','71089671466','cinthia.ferreira094@gmail.com',1605,0),(266,'Silvia Ferreira Claudia','00909278423','silvia.andrade@ifpb.edu.br',1606,0),(267,'Kalliany Jalify','70912752416','kallianyjallify@gmail.com',1607,0),(268,'Ruan Kleber Kleber','13283351430','Ruankleber.lima24@gmail.com',1609,0),(269,'João Victor Costa','14000400436','victorcosta096@gmail.com',1610,0),(270,'Thaís Emanuelle','07885642429','thaisemanuellemm@gmail.com',1611,0),(271,'José Victor Soares','13053429411','Victorsoares1570@gmail.com',1612,0),(272,'Rayssa Mislaine Da Conceição Souza','13385381444','rayssa01souza@gmail.com',1614,0),(273,'Aaron Santos','08043099499','aaronpedro16@gmail.com',1616,0),(274,'Janiele Ferreira Batista','08074872440','cassiaplz31@gmail.com',1617,0),(275,'Cassia Maria Souza Gonçalo','07409928484','janielejoseilto@gmail.com',1618,0),(276,'Paranhos Ferreira Martins De Lemos','08867591452','marcolemosf@hotmail.com',1619,0),(277,'Srtª Beatriz Cristina Barbalho De Melo','07936925473','Bia86_cbmelo@hotmail.com',1620,0),(278,'Bárbara Couto Falqueto','10523623461','barbarafalqueto1@gmail.com',1621,0),(279,'Moura Grangeiro','70512628408','lydhianny@gmail.com',1622,0),(280,'Andressa Araújo Porto Vieira','02767502410','andressa.vieira@ifpb.edu.br',1624,0),(281,'Kelly Silva','13581723409','xxllyxxramos@gmail.com',1625,0),(282,'Layeny Almeida','13621844465','layenyalmeida@gmail.com',1626,0),(283,'Romeu Nunes','53992547000','romeu.nunes@ifpb.edu.br',1627,0),(284,'Maria José Alves Da Silva','51925575420','majucg@ig.com.br',1629,0),(285,'Patrício Luiz De Andrade','04340048470','patricio.luiz.andrade@gmail.com',1631,0),(286,'Vanda Lucia Batista Dos Santos Souza','75293986449','vanda.souza@ifpb.edu.br',1634,0),(287,'Raquel Priscila Ibiapino','08689837485','raquel.ssu@gmail.com',1635,0),(288,'Rômulo Alexandre Silva Silva','89293983400','romulo.silva@ifpb.edu.br',1637,0),(289,'Elisa Maria Alves De Andrade','71207354465','elisa12alves@gmail.com',1639,0),(290,'Thiago Murillo Diniz Da Fonseca','10427373476','tmdf55@gmail.com',1640,0),(291,'Emerson Davi Alexandre Dos Santos','11321054475','emersondavi2013@gmail.com',1644,0),(292,'Thamyres Dantas Dantas','07325387423','thamyres.dantas.magno@gmail.com',1645,0),(293,'Geovane Dantas Soares','12533999482','geovanesoaresdantas123@gmail.com',1648,0),(294,'Mayara Carla Marques','70050809474','mayaracarlamarques@gmail.com',1650,0),(295,'Thais Mayagela Sabrina Souza Cavalcante','70202965481','thayssabrina-gba@hotmail.com',1651,0),(296,'Lavínia Maria Casado Souto','13167259442','laviniacasado2@outlook.com',1652,0),(297,'Rozeno Lima Rozeno','71340822458','Nicole.rozeno4040@gmail.com',1653,0),(298,'Rivaldo Damacena Ramos','11922911402','rivaldodamacenaifpb@gmail.com',1656,0),(299,'Diego Gomes De Sousa','09329454496','diegocybergames@gmail.com',1658,0),(300,'Elton Janduhy Santos Ventura','11288562470','elton_nintendo@hotmail.com',1660,0),(301,'Maria Elaine Silva Dos Santos','10410901458','es811704@gmail.com',1661,0),(302,'Emerson Timoteo De Acantara','08562640409','meson.alcantara@gmail.com',1663,0),(303,'Leonardo De Souza Dias','10215853431','leonardodiaspb@gmail.com',1664,0),(304,'Carolina De Melo Costa','71035973405','caroumelo1405@gmail.com',1665,0),(305,'Vagner Melo Da Costa','04703806401','vagnermelo17@yahoo.com.br',1666,0),(306,'Paula Daniele Torres De Castro Matos','03760845452','paulamatos.editora@hotmail.com',1667,0),(307,'Angela Araujo Nunes','03088714481','angela.nunes@ifpb.edu.br',1668,0),(308,'Eduardo Souza Oliveira','10546284400','brunoe118@gmail.com',1669,0),(309,'Kauan Mateus Leodegário Silva','09546687405','kauan.mateus13@gmail.com',1670,0),(310,'Brendo Araújo De Sena','10882387421','brendoaraujo2@hotmail.com',1671,0),(311,'Bianca Anacleto Araujo De Sousa','08812486495','biancasspb@gmail.com',1672,0),(312,'Claudenice Alves Mendes','96571624400','claudenice.mendes@ifpb.edu.br',1673,0),(313,'Patrício Lourenço Da Silva','09814186430','patricio_ti@hotmail.com',1674,0),(314,'Rayonara Medeiros Da Silva','10540149497','rayonaramedeiros@yahoo.com.br',1676,0),(315,'Fabricio Vieira De Carvalho','05738259475','fabriciopx12@hotmail.com',1677,0),(316,'Jefferson Barbosa Belo Da Silva','07176345406','jefferson.belo@ci.ufpb.br',1678,0),(317,'Lázaro De Abreu Silva','10709896492','lazaro_abreu4@hotmail.com',1679,0),(318,'Suemmey Rocha Albuquerque Ramos','00778780430','suemmey@gmail.com',1680,0),(319,'Nélio Frazão Chaves','01051240441','neliofrazac@gmail.com',1681,0),(320,'Jessica De Souza Morais','09554550499','jessicamorais205@gmail.com',1682,0),(321,'Assis Barbosa Lira','05748257467','assis-lira98@outlook.com',1683,0),(322,'Jéssica Silva Silva','09533280409','jessicasilva.admi@gmail.com',1684,0),(323,'Andre Albino Sousa','11554124433','andresousa.ec3@gmail.com',1686,0),(324,'Thuany Alves Gomes','10623174405','thuanya.gomes@gmail.com',1688,0),(325,'Geovany Ferreira Barrozo','10145856437','geovany.sh75@gmail.com',1689,0),(326,'Jordania Dacosta Pereira','07245630402','jordania.pereira.lima@gmail.com',1690,0),(327,'Francinaldo De Meireles Silveira','08970658408','francinaldofran.280592@hotmail.com',1691,0),(328,'Kaio De Sá Nóbrega','10817226494','kaiovaqueiro35@gmail.com',1692,0),(329,'Malysson Vieira Angelim','05802720360','malyssonangelim34@gmail.com',1694,0),(330,'Rodolfo Raulin Figueirôa Dos Santos','05644716406','rodolforaulin@gmail.com',1695,0),(331,'Raphaela Cristhina Claudino Moreira','73845213434','rafaccm@yahoo.com.br',1696,0),(332,'Marcelo Ruan Moura Araújo','09095724450','marcelo.ruan@academico.ifpb.edu.br',1697,0),(333,'Breno Francisco Pereira','10860918416','breno-francisco08@live.com',1698,0),(334,'Diego Fernandes','08799919419','diego.ee@outlook.com',1702,0),(335,'Pedro Jerônimo Simões De Oliveira Júnior','98205234434','pedrojsoj@gmail.com',1703,0),(336,'Alice Vitoria Serafim Beserra','11771063459','alicevitoriasb@outlook.com',1705,0),(337,'Sr Félix Nascimento','13187302440','rovlog1@gmail.com',1706,0),(338,'Artur Alan Martins Oliveira','04945564396','arturalanm@gmail.com',1709,0),(339,'Igor Dantas','09084228499','igor.dantas@ifpb.edu.br',1710,0),(340,'Giulyanne Maria Silva Souto','06501934400','giulyanne.ufpb@gmail.com',1711,0),(341,'Airton Danilo De Sousa Oliveira','09965871442','airton_danilo@hotmail.com',1712,0),(342,'João Fragoso','70045153469','vitorfragoso_2013@hotmail.com',1713,0),(343,'Emanoela Gonçalves Landim','09424557469','emanuelalandim@gmail.com',1714,0),(344,'Tatiana Gomes De Pontes','09422778484','tatiana_tatianapontes@hotmail.com',1717,0),(345,'Fernando Costa Fernandes','04711585427','fernando.gomes@ifpb.edu.br',1718,0),(346,'Ranniere Cavalcante','05463951470','roberto.franca@ifpb.edu.br',1719,0),(347,'Elaine Pereira De Brito','04604517401','elaine@ifpb.edu.br',1720,0),(348,'Aline Soares Lima','04172055460','alinelimajp@hotmail.com',1724,0),(349,'Francilda Araújo Inácio','72716800472','prpipg@ifpb.edu.br',1725,0),(350,'Walter Macêdo Lins Fialho','43653073472','walter.fialho@ifpb.edu.br',1728,0),(351,'Gustavo Wagner Diniz Mendes','00896642488','gugawag@gmail.com',1734,0),(352,'André Fellipe Cavalcante Silva','04784805478','andre.cavalcante@ifpb.edu.br',1737,0),(353,'Amaro Amaro Amaro','13394257424','lidilaineamaro9@gmail.com',1738,0),(354,'Severo Dos Santos','71127446444','vitoriasevero27@gmail.com',1739,0),(355,'Vanessa Do Nascimento Romão','06555427442','vanessaneri_2007@yahoo.com.br',1742,0),(356,'Carlos Eduardo Suassuna Santiago','11744117403','carloseduardosuassunasantiago@gmail.com',1743,0),(357,'Francisco Dos Santos Silva','06655461308','fransantosmec123@gmail.com',1747,0),(358,'Fabio Araújo Lima','07008267428','fabioarsp@gmail.com',1749,0),(359,'Calixto Matias','10271981474','isa.calixto17@gmail.com',1751,0),(360,'Josinaldo Oliveira Da Silva','09446705479','josinaldo00@hotmail.com',1754,0),(361,'Evenin Wesley Fontes Dos Santos','11964009464','eveninwesley@gmail.com',1755,0),(362,'José Bruno Landim Gonçalves','06970631354','bruno069gsf@gmail.com',1757,0),(363,'Ele João Paulo Dos Santos Pessoa','10169973450','joao.paulo@academico.ifpb.edu.br',1762,0),(364,'Lucas Lima','12315860440','lucas.freire@academico.ifpb.edu.br',1764,0),(365,'Matheus César Silva Figuerêdo','70950241466','matcesar1258@gmail.com',1765,0),(366,'Luccas Brito Nunes Moreira','04941963431','luccasbrito2010@hotmail.com',1767,0),(367,'Andréa Deyse Pereira Da Silva','10643867414','andreadeyse@outlook.com',1768,0),(368,'Anthony Gomes Lima Da Silva','12058112490','carlos.anthony1001@gmail.com',1769,0),(369,'Pedro Tomaz Dantas Bisneto','12525159446','pedrotomaz29@hotmail.com',1772,0),(370,'Davi Lopes','10941474437','davilopes928@gmail.com',1773,0),(371,'Danilo Augusto De Holanda Ferreira','06081531414','danilo.ferreira@ifpb.edu.br',1774,0),(372,'Dayana Leite Da Silva','70301249440','dayana.leite@ifpbensino.com.br',1775,0),(373,'Alisson Souto Da Silva','10189512458','alissonsoutolds@gmail.com',1780,0),(374,'Artilson Adelino Da Silva','70550857486','artilsonadelinodasilva@gmail.com',1781,0),(375,'Mateus Ferreira Ferreira','10460421492','matheusferreiradasilva024@gmail.com',1788,0),(376,'Juliany Alves Souza','06964232354','julianyalves12@gmail.com',1790,0),(377,'Francicarla Nascimento Moura','01739346416','francicarla12@hotmail.com',1796,0),(378,'Amanda Costa Silva','70428539467','amandaacs9@gmail.com',1799,0),(379,'Zenaide Batista Da Silva','32063504253','zenaide.silva@ifrr.edu.br',1801,0),(380,'Iasmin Oliveira','70592247422','iasminsilva45@gmail.com',1804,0),(381,'Aleff Moura Nascimentp','09989742421','mouraaleff55@gmail.com',1805,0),(382,'Nayara Stephanne Teixeira','71104000423','nayara_stephanne16@hotmail.com',1811,0),(383,'Marcos Vinicios Alves','12830913485','marcosvl2013@gmail.com',1812,0),(384,'Vanessa França Silva','07948724419','francavanessa179@gmail.com',1813,0),(385,'Bárbara Hélen Soares','70832468401','barbarasoaras.bh577@gmail.com',1814,0),(386,'Ruty Da Silva Cardoso','12282228430','rutysilva15@hotmail.com',1822,0),(387,'Émila Souza Mariz','13188910436','Avanilda30@gmail.com',1824,0),(388,'Thiago Ferreira Cruz','13407875479','thiagofc781@gmail.com',1825,0),(389,'Letícia Sabino Felix','12048251498','Leticiasabino201@gmail.com',1826,0),(390,'Graziela Hellen','13190519447','graziela.hellen@hotmail.com',1832,0),(391,'Cecilia Cruz','11455849421','cecilianegacruz@gmail.com',1833,0),(392,'Carla Custodio','70592279464','custodiocarla02@gmail.com',1834,0),(393,'Sarah Ocesana Targino','12720647438','sarahtargino25@gmail.com',1837,0),(394,'Ana Beatriz Alencar','09400857470','anabeatriz.alencar.10@gmail.com',1838,0),(395,'Maria Clara B.santos','13397444497','claradantos0@gmail.com',1840,0),(396,'Esther Almeida Lima','09256653478','estheralmeidalima@gmail.com',1842,0),(397,'Evandro Lima Cordeiro Júnior','95712704315','evandro.cordeiro@ifpb.edu.br',1845,0),(398,'José David Fernandes Veloso','70264991494','davidveloso25@gmail.com',1861,0),(399,'Carlos Henrique Benjamim','13397471460','henrique123carlos7349@gmail.com',1867,0),(400,'Antonio Lucas Lira Pereira','04288537576','antoniolucaslira@outlook.com',1868,0),(401,'Amanda Dantas Barbosa','07613523411','amanndadannttas18@gmail.com',1883,0),(402,'Jéssica Valesca Benicio Nóbrega','08984155438','jercika_valesca@hotmail.com',1893,0),(403,'Júlia Marcelino Paiva','12548000427','julia_rgpaiva@hotmail.com',1896,0),(404,'Daniely Soares Silva','70709290489','Danieys99@gmail.com',1897,0),(405,'Wanessa Silva Ferreira','71199592471','Wanessaferreiraho@gmail.com',1898,0),(406,'Débora Joicy Da Silva Dantas','70058965483','deborajoicy@hotmail.com',1906,0),(407,'Kaio Fernandes Sousa','70959853405','kaiof192@gmail.com',1915,0),(408,'Pablo Melo Rodrigues','10594153484','pablomelo.melomelo@gmail.com',1917,0),(409,'Samuel Gonçalves Alexandre','11933546417','sresende584@gmail.com',1918,0),(410,'João Vitor Araújo','70592033465','joaovitor39.jesus@gamil.com',1919,0),(411,'George Estéfano Dos Santos Pereira','09603935441','georgeestefanovet@gmail.com',1920,0),(412,'Daniel De Sá Rodrigues','85942022372','danielmartyniano@bol.com.br',1925,0),(413,'Yasmin Ramos Peregrino','07681277420','yasmin.peregrino@ifpb.edu.br',1926,0),(414,'Claudeci Ribeiro Da Silva Araujo','91105471420','claudeciribeiro094@gmail.com',1927,0),(415,'Felipe Cordeiro Arthur','09404276480','felipecordeiro41@hotmail.com',1928,0),(416,'Higo Oliveira Freitas','13399695489','higo12cacau@gmail.com',1929,0),(417,'Shirley Leite','08923567400','larajales10@hotmail.com',1942,0),(418,'Bianka Fernandes Lira','14040225465','bianka.fernandes.edif@gmail.com',1943,0),(419,'Débora Esther Queiroz','08086318451','estherq693@gmail.com',1944,0),(420,'Paula Lourrany Rezende','08535307427','paulalourrany@hotmail.com',1953,0),(421,'Yuri Pereira Dias','60446531375','yuriemanoelpereira@gmail.com',1955,0),(422,'Marlon Fernandes Fernandes','05867048330','marlon@gmail.com',1956,0),(423,'Cicero De Souza Nogueira Neto','05900138402','cicero.nogueira@ifpb.edu.br',1961,0),(424,'Italan Carneiro','04985497479','italancarneiro@gmail.com',1964,0),(425,'Anna Gomes','70391842498','anna_beatryz2809@hotmail.com',1966,0),(426,'Ana Raquel','13390319492','anaraquelnogueira30@gmail.com',1967,0),(427,'Renata Santos','12772243400','renata1234santos25@gmail.com',1968,0),(428,'Emilly Diniz','10920708420','emillyzinid@gmail.com',1969,0),(429,'Erick Araken Vieira Gomes','11135922497','Erickaraken@gmail.com',1970,0),(430,'Lucas Vieres Araujo','70868187470','lucasvieres35325@gmail.com',1974,0),(431,'José Adeildo De Lima Filho','74511564434','adeildobiologia@gmail.com',1976,0),(432,'Marlison Alexandre Santos','08717239486','marlisonale@gmail.com',1979,0),(433,'Emilayne Rodrigues','12313839419','emilaynerodrigues1@gmail.com',1989,0),(434,'Giuseppe Anthony Nascimento De Lima','06650214450','giuseppe.lima@ifpb.edu.br',2010,0),(435,'Pâmela Grangeiro De Jesus','01830986414','pamela.diniz@ifpbensino.com.be',2021,0),(436,'Carlos Alberto Nóbrega Sobrinho','05223219414','carlos.nobrega@academico.ifpb.edu.br',2022,0),(437,'João Lima Victor','11203904436','joao.victor@ifpbensino.com.br',2024,0),(438,'Samuel Sousa Linhares','12599907454','linharessamuel43@gmail.com',2026,0),(439,'Maria Raquel Paiva','12506586407','raquelpaiva890@hotmail.com',2027,0),(440,'Ana Carolina Oliveira','01177089416','carolyneoliveira@gmail.com',2028,0),(441,'Gabriel Alves','08439665482','gabrielbelizario@gmail.com',2031,0),(442,'Você Santos Ferreira','09716451407','lucascpmjp@gmail.com',2035,0),(443,'Jeane Medeiros Martins De Araújo','79097812453','jeane.araujo@ifpb.edu.br',2052,0),(444,'José Airton Fernandes De Farias','06155869456','msndeairton@hotmail.com',2059,0),(445,'Emilly Rebeca Araújo Gomes','70454662424','emilly_rebeca@outlook.com.br',2073,0),(446,'Jose Matheus Da Silva','13389030476','jose.matheus@ifpbensino.com.br',2078,0),(447,'Gastão Coelho Aquino Filho','32131127391','gastao.aquino@ifpb.edu.br',2084,0),(448,'Ellem Sabrina Alves','70818114428','Ellem.sabryna@ifpbensino.com.br',2092,0),(449,'Iury David Santos','10810033402','contatoiurydavid@gmail.com',2119,0),(450,'Evellyn Francisca Marinho Ferreira','13242704460','evellynfrancisca89@gmail.com',2120,0),(451,'Yago Vinicius Faustino Da Silva','12864367459','yaggoovinicius@gmail.com',2123,0),(452,'Rick Silveira Everson','11598045407','henrique.silva.eversom@gmail.com',2141,0),(453,'Michael Jacksom Ferreira','70635141485','lindomaicom1@gmail.com',2164,0),(454,'Quézia Kaline Andrade','12544405422','queziakaline06@gmail.com',2165,0),(455,'Esdras Luan Souza','13287617460','esdras.luan@ifpbensino.com.br',2166,0),(456,'Marcos Silva Silva','12542312427','marcos.sribeiro@ifpbensino.com.br',2167,0),(457,'André Silva Leite','12587022401','MARCOSANDRE20142015@GMAIL.COM',2169,0),(458,'Jucimar Carneiro Ferreira','10687339421','jucimar._@hotmail.com.br',2172,0),(459,'José Isaac Alves Flor','11545419400','isaacalves521@gmail.com',2175,0),(460,'Fernando Oliveira Araújo','12535408457','nando3457@gmail.com',2176,0),(461,'Aflaudisio Fernandes','08140493465','flaudisio_blackpower@hotmail.com',2177,0),(462,'Tiago Costa Sales','12465252402','tiagosalesgeologia@gmail.com',2178,0),(463,'Lílian Mychelle Fernandes Falcão','01811679480','lilianmychellepb@hotmail.com',2179,0),(464,'Sr Henriques André','10462842401','pedro.andre@ifpbensino.com.br',2180,0),(465,'Maíre Gomes De Meneses','70071750401','mairegomes.ifpb@gmail.com',2196,0),(466,'Jose De Arimateia Augusto De Lima','69113530410','arilimajp@ifpb.edu.br',2199,0),(467,'Geraldo Rodrigues Junior','05912819450','geraldojunior.ifpb@gmail.com',2206,0),(468,'Felipe Tenório Santos','10539152412','andre.felipe@ifpbensino.com.br',2207,0),(469,'Jaciara Saraiva Silva','11886890455','jaciarasaraiva22@gmail.com',2224,0),(470,'Emmelly Marcelino','70091702402','emmelly72@gmail.com',2227,0),(471,'Claudio Leao Torres','18621120372','claudioleao@ifma.edu.br',2232,0),(472,'José Jonas Mangueira Da Silva','01412385423','jos.jonas14@gmai.com',2251,0),(473,'Vilson Lacerda Brasileiro Junior','05171982406','vilsonjnr@gmail.com',2252,0),(474,'Jociane Da Silva Bezerra','11752528409','jociane123dasilva@GMAIL.COM',2289,0),(475,'Ana Maria Zulema Pinto Cabral Da Nobrega','72157933468','ana.nobrega@ifpb.edu.br',2306,0),(476,'Elaine Cristina Batista De Oliveira','01065759452','elainecjz@gmail.com',2328,0),(477,'Máriam Trierveiler Pereira','01868741974','mariam.pereira@ifpr.edu.br',2388,0),(478,'Gabriel Andy Da Silva Lucena','70606230432','gabriel_andy98@hotmail.com',2435,0),(479,'Lo Loruhama Estevam','09668252411','loloh_ruhama@hotmail.com',2437,0),(480,'Alberto Falcão','07597859457','albertofalcao12@gmail.com',2441,0),(481,'Gabriel Belo Lyra E Lima','09042556463','gabrielbelolima@gmail.com',2442,0),(482,'Rafaella Silveira De Souza','05079502401','rafaellasilveira7@gmail.com',2469,0),(483,'Jacqueline Silva','04369797489','jacqueline.ifpbjp@gmail.com',2485,0),(484,'Daniell Sousa Teles','05431820370','desousadaniell@gmail.com',2488,0),(485,'Andreia Cavalcanti Oliveira','02541821433','andreia.ifpb@gmail.com',2492,0),(486,'Iria Raquel Borges Wiese','06408056474','iria.wiese@ifpb.edu.br',2496,0),(487,'Dilena Mara Lemos Matos','83174141168','dmlmatos@yahoo.com.br',2500,0),(488,'Rodrigo Ernesto','70034519483','rodrigo.estudos@hotmail.com',2502,0),(489,'Matheus Andrews Santos','12022370457','matheus13.andrews@gmail.com',2503,0),(490,'Maristela Porfírio Da Silva Souza','98266020434','stela.ufpb@hotmail.com',2508,0),(491,'José Aurino Arruda Campos Filho','78469210459','aurinocampos@uol.com.br',2515,0),(492,'Tutu Ribeiro Vinicius','08627506442','arthurviniciusief@gmail.com',2523,0),(493,'Kelly Silva','02449388494','kellysamaras@gmail.com',2536,0),(494,'Mariana Nascimento Rocha','05495185412','mnrochaa@gmail.com',2540,0),(495,'Nayanna Oliveira Silva','70108077446','nayannaolisil@gmail.com',2559,0),(496,'Matheus Teófilo Gomes','13576870440','matheust101@gmail.com',2576,0),(497,'Bruna Garcia Dos Santos','13135084469','brunagarciadossantos436@gmail.com',2580,0),(498,'João Victor Da Costa Moura','13854258496','jvctmoura@gmail.com',2581,0),(499,'Brenno Morais Silva','00885747410','brennomorais@gmail.com',2583,0),(500,'Valter Gomes Silva','11746532483','valterbks05@gmail.com',2596,0),(501,'Sara Aymê Marinho Gaspar','09733412465','saraaymemgaspar@gmail.com',2602,0),(502,'Jonathas Arestides De Almeida','08136957401','jonathasarts@gmail.com',2619,0),(503,'Vitor Hugo Silva','08738104490','vtrhugojp@gmail.com',2624,0),(504,'Rayssa Maria Santos De Freitas','06590221413','freitas.rayssaa@gmail.com',2625,0),(505,'Lucas José Elias Bezerra Dos Santos','13203697408','eliaslucas720@gmail.com',2633,0),(506,'Daniel Azevêdo','11538512459','daniel.azevedo0507@hotmail.com',2663,0),(507,'José Pereira Do Nascimento Júnior','01495710467','jppereira31.jp@gmail.com',2665,0),(508,'Ana Maria Paiva Assumpção','22012524400','anymarypfa162@gmail.com',2714,0),(509,'Sallatiel Fernandes Freire Cardoso','70212583484','sallatielfc@hotmail.com',2757,0),(510,'Andre Vinicius Lopes Marques','10505951495','andreviniciuslopes594@gmail.com',2768,0),(511,'Rayra Lima De Andrade','10599996412','raeralima@gmail.com',2808,0),(512,'Lara Lavynne','05490523484','lara.lavynnee@gmail.com',2840,0),(513,'Genyeverson Souza Barros','11156663474','geeh.barros@msn.com',2845,0),(514,'Daniel Everson Da Silva Andrade','05251898401','danielevrsonyah@gmail.com',2864,0),(515,'Amanda Silva De Lima','08832406454','mandalimasl@gmail.com',2865,0),(516,'Edsania Princelânia Xavier Nézio','11353747409','edsania97@gmail.com',2872,0),(517,'Antonio Anderson Sousa','13152353405','andynhos1999@gmail.com',2873,0),(518,'Alanne Cibelle Ferreira Felix','70585867488','allannecibelle@gmail.com',2874,0),(519,'Daniel Martins De Oliveira','10255101430','daniel_moliveira@outlook.com',2875,0),(520,'Renata Linhares Nascimento','70806893419','renataliinhares@gmail.com',2876,0),(521,'Luiza Lima','07409305401','luiza.lima@ifpb.edu.br',2878,0),(522,'Maria Eduarda Barbosa','70450317420','meduardadsb@gmail.com',2883,0),(523,'Marta Simone Vital Barreto','04526132489','simone.barreto@ifpb.edu.br',2884,0),(524,'Mayara Tamires Paulino','10862514401','mayaratamiresspaulino@gmail.com',2885,0),(525,'Gardênia Gabriela Ribeiro','05658015464','gardeniagabriela@msn.com',2886,0),(526,'Sara De Freitas Lima','08777219473','saralima321@hotmail.com',2887,0),(527,'Maria Viviane Caetano Lustosa','13216733459','vivi.9.caetano@gmail.com',2888,0),(528,'Evelin Sarmento Carvalho','01192503490','evelin.carvalho@ifpb.edu.br',2890,0),(529,'Vivian Gabrielly Resende De Oliveira','13452731421','gabriellyvivian9@gmail.com',2891,0),(530,'Sílvia Raphaele Morais','06861751405','raphaele.morais@gmail.com',2892,0),(531,'Williams Santos Lima','07478808409','williamsvasco8@gmail.com',2894,0),(532,'Andressa Soares Silveira','70348017464','andressasoares12051996@gmail.com',2895,0),(533,'Amanda Soares Silveira','70348026455','mandysoares07052012@gmail.com',2896,0),(534,'Samira Kathllen Cunha Faustino','70262054477','samirakathllen@outlook.com',2897,0),(535,'Serginara David Rodrigues','08082393416','serginararodrigues@hotmail.com',2898,0),(536,'Iasmyn Galvão','13429008476','iasmyngalvao@gmail.com',2899,0),(537,'José Kleyton De Araújo Paiva','09059952448','kleytonpaiva91@gmail.com',2900,0),(538,'Juan Salvador Da Silva','41321702841','juansalvador48@gmail.com',2901,0),(539,'Glaucydete Coutinho Neves Rafael','02113099403','glaucydete@ifpb.edu.br',2904,0),(540,'Gabryella Lourenço Farias','08540869438','gabryellalfarias@gmail.com',2905,0),(541,'Hiago Aristides Silva','12232340457','aristideshiago@gmail.com',2906,0),(542,'Francisco Eduardo Mendes Da Silva','09033280469','eduardomendess@hotmail.com',2907,0),(543,'Jessica Lobo Sobreira','03569690377','jessicasobreira@live.com',2908,0),(544,'Maria Socorro Santos Da Silva','44103573449','socorro2005@msn.com',2910,0),(545,'Luciano Alves Dos Santos','12797043499','lulu010cubati@gmail.comi',2911,0),(546,'Hellen Souto Guimarães','01586411403','hellensoutog@gmail.com',2913,0),(547,'Luana Araújo Silva','13063397407','Luanapb01@gmail.com',2914,0),(548,'Alex Ribeiro Silva','02155438583','alex.ribeiro@ifpb.edu.br',2915,0),(549,'Cícero Silva Dias','10240246446','cicerosdias123@gmail.com',2916,0),(550,'Jackson Gonçalves Oliveira','11701923432','jacksongo96@hotmail.com.br',2919,0),(551,'Sabino Carvalho Do Nascimento','03029521443','LAFEPAS@YAHOO.COM.BR',2923,0),(552,'Julio Cezar Da Silva','05979932461','cezarsilva1987@hotmail.com',2924,0),(553,'Álvaro Getúlio Lima Medeiros','70182837440','getulio.medeiros@academico.ifpb.edu.br',2925,0),(554,'Karolina Chagas Chagas Rodrigues','09714166489','karolinadaschagasr@gmail.com',2927,0),(555,'Marcelo Alves Alves','12367731446','marcelo.alves@academico.ifpb.edu.br',2928,0),(556,'Alefe Cunha Cunha','12455133460','alefepicui2010@hotmail.com',2929,0),(557,'Jheison Marcos Claudino Francelino','70545339413','jheisonmarcos1@gmail.com',2930,0),(558,'Lucas Pereira Azevedo','13589552476','lucasazevedo.p55@gmail.com',2931,0),(559,'José Klebson Souza Bastos','70545692458','klebsonbastos@gmail.com',2932,0),(560,'Larissa Bastos Juvito','70545962420','laribasjuv@hotmail.com',2933,0),(561,'Anna Nery Sousa Teotônio David','11872916414','annanerystd@outlook.com',2934,0),(562,'Isaiane Rozado Pereira','12414029498','isaiane.pereira123@gmail.com',2935,0),(563,'Pedro Victor Jó Bastos','12543234497','pedro.victor.jo.bastos@gmail.com',2936,0),(564,'Marlon Tardelly Morais Cavalcante','08073865459','marlon.cavalcante@ifpb.edu.br',2937,0),(565,'Ana Cláudia Pereira Da Silva','71064857485','c.ana@academico.ifrn.edu.br',2938,0),(566,'Francicláudio Dantas Da Silva','10590509438','claudio_dantas@hotmail.com',2940,0),(567,'Lívia Maria Brandão','10275679403','liviaabrandaao@gmail.com',2942,0),(568,'Emanuel Souza Lacerda','12632434440','lacerdabr12@gmail.com',2944,0),(569,'Josalice De Lima Araújo','88620760459','Josalicearaujo@yahoo.com.br',2950,0),(570,'Alinne Cardoso','05607023451','alinnecardoso@hotmail.com',2951,0),(571,'Alison Pedro E Silva','08890290404','alison.pedro@ifpbensino.com.br',2955,0),(572,'Joab Sobreira De Andrade','06130650426','joab.andrade@ifpb.edu.br',2957,0),(573,'Victor Kennedy Almeida','07484589489','victorsaudemedica@gmail.com',2958,0),(574,'Caio Daudt Leandro Masculino Leandro','70060542497','caiodaudt75@gmail.com',2959,0),(575,'Henrique Diógenes Almeida','88479005491','henrique13.CE@gmail.com',2960,0),(576,'Yohanna Tethysy Marcelino Gomes Da Silva','11624240445','thetysy@gmail.com',2961,0),(577,'Erika Rodrigues Dias','08766524458','erika-lady@hotmail.com',2962,0),(578,'Ivan Silva Nascimento','09904035482','Ivanluis431@gmail.com',2963,0),(579,'Marcos Oliveira Pedroso','11108147470','marcoshatikva@gmail.com',2964,0),(580,'Evandro Marcos Leonardi','03105335978','evandro.leonardi@ifpr.edu.br',2965,0),(581,'Matheus Araujo Gomes','70928656462','Matheuscubati2015@gmail.com',2966,0),(582,'Angra Nayara Batista Correia De Lima','06030215493','angradosreispb@hotmail.com',2968,0),(583,'Maria José Lopes Da Silva','07661283425','mariacuidadora@gmail.com',2969,0),(584,'Stivensam Souza Lima','04913181386','stivensamlima@gmail.com',2970,0),(585,'Laisa Sousa Silva','70848333403','laisadesousasilva@gmail.com',2972,0),(586,'Deborah Silva','05861651426','anadeborahpereiradasilva@gmail.com',2973,0),(587,'Marcos Germano Nascimento','49781278404','marcos.germano@belojardim.ifpe.edu.br',2975,0),(588,'João Paulo Da Silva','06660419462','jps_ssilva@hotmail.com',2976,0),(589,'Miriam De Normando Lira','11503712427','miriamnormando1@hotmail.com',2977,0),(590,'Almiro Sá Ferreira','08683352404','almirosf@gmail.com',2978,0),(591,'Rita De Cássia Silva De Sena','10250544407','RITADECASSIASILVADESENA@GMAIL.COM',2979,0),(592,'Maria Socorro Lima Buarque','80530281449','marsbuarq@yahoo.com.br',2980,0),(593,'Juliana Perdigão Ventura','07329228443','julianapmventura.adv@gmail.com',2981,0),(594,'Campêlo Eduarda Campêlo','12899972413','eduardacampelo.cg@gmail.com',2982,0),(595,'Laerte Bernardo De Medeiros','10989908461','laerteb.medeiros@gmail.com',2983,0),(596,'Maria Claudia Rodrigues Brandao','01136438459','maria.brandao@ifpb.edu.br',2984,0),(597,'Paola Cassiely Martins','70222834439','paolacassielly@gmail.com',2985,0),(598,'Elda Melo','93881118420','eldasnmelo@hotmail.com',2986,0),(599,'Fábio Gomes Ribeiro','01349563382','fabio.ribeiro@ifpb.edu.br',2987,0),(600,'Marília Fernanda Dos Santos','10000948470','mariliaagro505@gmail.com',2989,0),(601,'Helio Araujo Pereira','03319406477','helioaraujop@gmail.com',2990,0),(602,'Carlos Oliveira','06674562440','carlos.cordeiro@ifpb.edu.br',2991,0),(603,'Suame Marques Silva','04564964402','suamemarques01@gmail.com',2992,0),(604,'Micael De Sousa Pinheiro','10022331433','micael_pinheiro.proart@hotmail.com',2993,0),(605,'Tales Lourenço','07068653405','talesaltos@hotmail.com',2994,0),(606,'Cássio Thiago Inocêncio Da Silva','12489521462','cassio.thiago1@gmail.com',2996,0),(607,'Monica Moreira De Albuquerque','06802085429','monica.elisa.moreira@gmail.com',3000,0),(608,'Adila Kauany Gomes','08891098426','kau_gomes@hotmail.com',3001,0),(609,'Frank Leite Madruga','06807006411','franklmadruga@gmail.com',3002,0),(610,'Marcio Emanuel Ugulino De Araújo Júnior','00794507417','marcio.ugulino@ifpb.edu.br',3003,0),(611,'Cândido José Ramos Do Egypto','39529681453','candidoe@gmail.com',3004,0),(612,'Anderson Fabrício Medeiros Da Silva','05008836455','andersonjpbr@gmail.com',3005,0),(613,'Cristiano Cabral Santos','07968786410','cristiano.santos@ifpb.edu.br',3006,0),(614,'Francielio Paixao Freitas','07471072466','francielio.paixao@ifpb.edu.br',3007,0),(615,'Maria Luiza Costa Santos','16193970487','mluizacs@gmail.com',3008,0),(616,'Wallison Roberto Medeiros','01337846490','wallisonmkt@gmail.com',3009,0),(617,'Marcos Batista Andre','12312089459','lmarcosklt@gmail.com',3010,0),(618,'Bárbara Marques Da Silva','01640407499','babii1401@gmail.com',3011,0),(619,'Senhor Coutinho Romero','06255046400','romerocoutinho007@gmail.com',3012,0),(620,'Marcos Raimundo Junior','10754238482','marcos.rsjr140795@gmail.com',3013,0),(621,'Queiroz Maranhao','00741121476','maranhaorr@hotmail.com',3014,0),(622,'Júlia Leite Bezerra De Melo','08086972429','julialeitemelo@hotmail.com',3016,0),(623,'Gabriel Lucena Rufino De Lucena','70095042458','gabrlucena@gmail.com',3017,0),(624,'Kelsson Sampaio','06160296329','kelsson.rocha@academico.ifpb.edu.br',3018,0),(625,'Dannylo Souza Vasconcelos','06013233438','vasconcelos.dannylo@gmail.com',3019,0),(626,'Vinícius Bandeira Rodrigues','11347212426','viniciusbandeirarodrigues@hotmail.com',3020,0),(627,'Elivelton Rocha','11290184402','r.elivelton6@gmail.com',3021,0),(628,'Dynnah Hanna Max','06443461401','dynnah_hanna@hotmail.com',3022,0),(629,'George Lucas Gomes','10020669488','georgelucas_hp@hotmail.com',3023,0),(630,'Ivamberg Ivanildo Da Silva','71109576404','ivamberg010@gmail.com',3024,0),(631,'Cantalice Suêli Cantalice Dos Santos','68982950478','Rosanecantalice2010@gmail.com',3025,0),(632,'Danúbio Leonardo Bernardino De Oliveira','06474280409','danubioleonardo@yahoo.com.br',3026,0),(633,'Jaína Elissa Freires Soares','09143249426','jainaelissa@gmail.com',3027,0),(634,'Michelly Alves','13860816470','malves2601@gmail.com',3028,0),(635,'Affonso Marques Quintas','12530504490','affonsonetoguitar@gmail.com',3029,0),(636,'Djanice Silva De Santana','03929296438','djanice.santana@gmail.com',3030,0),(637,'Camila Lima Lima','01618974440','camilapb.lima@yahoo.com.br',3031,0),(638,'Caroline Assis Da Silva','44487666830','caroline18assis@gmail.com',3033,0),(639,'José Rogério Dias','02522044338','rowrogerio@gmail.com',3034,0),(640,'Alves Martins Martins Alves','08177254405','daniel.m.alves.2014@gmail.com',3035,0),(641,'Edvaldo Dos Anjos Júnior','06315446400','edvaldo.junior.tecnico@hotmail.com',3036,0),(642,'Sr Cavalcanti','04784360417','diego20_jp@hotmail.com',3037,0),(643,'Ana Raquel Farias',NULL,'cleitom_ramos@hotmail.com',939,0),(644,'Líllian Da Cruz Régis',NULL,'lillianregis@yahoo.com',947,0),(645,'Anna Giovanna Rocha Bezerra',NULL,'anna.rocha@ifpb.edu.br',948,0),(646,'Andreia Da Silva Santos','02155932430','asjornalista@yahoo.com.br',971,0),(647,'Maria Célia Ribeiro Da Silva',NULL,'celiaribeiros@hotmail.com',929,0),(648,'Valquiria Silva Souza',NULL,'valquiria.ss1@hotmail.com',935,0),(649,'Maria Flayane Santos',NULL,'maria.flayane@ifpbensino.com.br',1018,0),(650,'Eliane Gomes Silva',NULL,'elianegbo@gmail.com',1028,0),(651,'Wilton Rafael De Andrade Júnior',NULL,'wwdeandrade@gmail.com',986,0),(652,'Luciana Queiroz',NULL,'lucianaqueiroz34@gmail.com',1019,0),(653,'Fabiana Pincho De Oliveira',NULL,'fabianaoliveira.fale@gmail.com',1026,0),(654,'Adriana Rodrigues Pereira De Souza',NULL,'adriana.souza@ifpb.edu.br',1024,0),(655,'Edilane Rodrigues Moreira',NULL,'edilane_rbento@hotmail.com',979,0),(656,'Cíntia Sousa Maciel',NULL,'csm_maciel@yahoo.com.br',981,0),(657,'Maria Verônica Sousa Cavalcante Oliveira',NULL,'99.cavalcante@gmail.com',1037,0),(658,'Marinaldo De Souza Silva','03211555480','marcultura273@gmail.com',1029,0),(659,'Virna Lúcia Cunha De Farias',NULL,'fariasvirna@hotmail.com',974,0),(660,'Maria Auxiliadora Almeida Almeida Vieira Filha',NULL,'auxiliadora_filha@yahoo.com.br',1032,0),(661,'Andreia Aparecida Medeiros Martins','10855099402','andreiaevitoria@gmail.com',970,0),(662,'Fernanda Karyne Oliveira',NULL,'fernandakarynepl@hotmail.com',1051,0),(663,'Bruno Santos Melo',NULL,'bsantosmelo@hotmail.com',955,0),(664,'Ferreira . Da Costa',NULL,'jailma.jdf@gmail.com',1050,0),(665,'Zuila Kelly Araújo','05603141409','zuila.araujo@ifpb.edu.br',994,0),(666,'Elis Regina Guedes De Souza',NULL,'elis_reginaa@yahoo.com.br',982,0),(667,'Mariana Duarte Paulino','10784159432','marianad.2013@gmail.com',1214,0),(668,'Nathália Regina Cabral Lima','07936101411','rnath1701@gmail.com',506,0),(669,'Letícia De Oliveira Bento','08163399457','leticiaobento@gmail.com',916,0),(670,'José Fernando De Morais Firmino','09687990430','fernandopow_cz@hotmail.com',80,0),(671,'Gislaine Dos Santos Nascimento','10871695421','gislaynesantos30@gmail.com',1211,0),(672,'Bianca Alves Valencio','07704535463','biancavalencio03@gmail.com',1206,0),(673,'Ailma Roberia Souto De Medeiros','07248841498','ailma.engminas@gmail.com',1264,0),(674,'Anselmo De Vasconcelos Cavalcante','05910529463','anselmu@gmail.com',1294,0),(675,'Flávia Cristina Dos Santos Lima','56965184434','flavia.lima@belojardim.ifpe.edu.br',1312,0),(676,'Jonas De Assis Almeida Ramos','04749534404','jonas.ramos@ifpb.edu.br',125,0),(677,'João Paulo Gomes De Vasconcelos Aragão','06937719418','joao.aragao@ifpb.edu.br',343,0),(678,'Ezequias Nunes Ferreira','12388400430','ezeknufe@gmail.com',1266,0),(679,'Lucas Araujo Silva','09275166404','lucasarasil1@gmail.com',1217,0),(680,'Eduardo J. B. Rodrigues','00990619451','rodriguesejb@hotmail.com',1314,0),(681,'Maria Fernanda Rodrigues Neves Farias','08526025457','mariafrnfarias@gmail.com',1315,0),(682,'Anderson Vinícius Nery De França','10255285493','anderson.franca.970@gmail.com',1353,0),(683,'Francisca Edna Ferreira Felix','07060060383','ednafe07@gmail.com',1327,0),(684,'Márcio Jean Fernandes Tavares','08343406400','marciojeanftavares@gmail.com',1329,0),(685,'Francisco Weverton Lima Dias','05790368395','weverton3232@gmail.com',1291,0),(686,'Liz Jully Hiluey Correia','00768011442','lizjully@gmail.com',757,0),(687,'Luis Fernando Fernandes','00107113333','luisfernandogf@gmail.com',1381,0),(688,'Ane Josana Dantas Fernandes','03812285410','anejosana@hotmail.com',1387,0),(689,'Bianca Bastos Miranda','70013049488','biabmiranda@hotmail.com',1390,0),(690,'Bruno De Souza Vasconcelos','09922439476','bruno15gba@hotmail.com',1320,0),(691,'Sofia Vieira Campos','10945074409','sofiavieiraa8@gmail.com',65,0),(692,'Dalany Menezes Oliveira','92399223349','dalanymenezes@gmail.com',1409,0),(693,'Maria Eduarda Marinho Nunes De Sousa','70399906444','madubazinga@gmail.com',1347,0),(694,'Valdeane Freitas Alves','11884558429','valdeanefreitas79@gmail.com',1417,0),(695,'Gesivaldo Alves Figueirêdo','46218793320','gesivaldojesus@yahoo.com.br',1419,0),(696,'Naiara Pereira Tavares','10849655420','naiara96link@gmail.com',1328,0),(697,'José Ivelton Siqueira Lustosa','02779077484','jose.lustosa@ifpb.edu.br',1389,0),(698,'Gilvanete De Lima Galdino','08218752480','gilvanetelg@gmail.com',1428,0),(699,'Inakã Silva Barreto','06310640445','inaka.barreto@ifpb.edu.br',1426,0),(700,'Laércio Rodrigues Carvalho','10707805457','laercio.carvalho@ifpbensino.com.br',1357,0),(701,'Cláudio Dybas Natividade','87753073915','claudionatividade@gmail.com',1338,0),(702,'Paulena Araújo Santana','05490011319','paulenaip@hotmail.com',1236,0),(703,'John Williams Ferreira De Souza','05658399343','williamsip2012@gmail.com',1416,0),(704,'Lucas Jhônata Ramos Silva','70270831401','lauhanny12@gmail.com',1279,0),(705,'Clécia Rodrigues Fernandes Ribeiro','06120429441','cleciarfr@gmail.com',1432,0),(706,'Victor Valério Landim Da Silva','05768508376','vilkercruz@gmail.com',1245,0),(707,'Antonio Cicero Sousa','51519062400','antonio.cicero@ifpb.edu.br',1436,0),(708,'Leonardo Soares Rodrigues','09983297469','leonardo.soares.ws@gmail.com',1425,0),(709,'Gabriel Rodrigues Macedo Alves Da Silva','09826977403','gabrielrmas@gmail.com',1449,0),(710,'Claudiana Maria Da Silva Leal','14790092453','claudiana.m.b.silva@gmail.com',312,0),(711,'Franklin Medeiros Galvão','41326849468','franklin.galvao@ifpb.edu.br',1505,0),(712,'José Silva Junior','10603963439','Elson.2056@gmail.com',1271,0),(713,'Cristina Rothier Duarte','80440851149','cristinarothier@hotmail.com',196,0),(714,'Fabio Wellington Cunha De Souza','03458643443','fabio.souza@ifpb.edu.br',1544,0),(715,'Icaro Alencar Rodrigues','64467813349','kikoicaro@hotmail.com',1515,0),(716,'Bruno Allison Araújo','05199094459','bruno.araujo@ifpb.edu.br',554,0),(717,'Luzidelson Baracho Ribeiro','93263023420','luzidelson.ribeiro@ifpb.edu.br',617,0),(718,'Danniel Claudio De Araujo','06524573471','danniel.araujo@ifpb.edu.br',1517,0),(719,'Antonio Souza Luna','30851521487','martehipnos97@gmail.com',1514,0),(720,'Emanuell Felipe Beserra Da Silva','01044199466','emanuellfelipe@gmail.com',1595,0),(721,'Yasmim Cavalcante De Oliveira','01104338408','terezapsibackup@gmail.com',1608,0),(722,'José Raimundo Barbosa','01678902470','j.zmais@gmail.com',463,0),(723,'André Luís Gomes Da Silva','10894273442','tr.andreluis@gmail.com',868,0),(724,'Dandara Monalisa Mariz Da Silva Quirino Bezerra','06541048401','dandara.bezerra@ifpb.edu.br',1368,0),(725,'João Melo','02459324456','joao.melo@ifpb.edu.br',1411,0),(726,'Arlindo Neto Garcia','68785755320','arlindo.neto@ee.ufcg.edu.br',443,0),(727,'Flávia Dantas Da Nóbrega','64584925453','flavinhanobrega@yahoo.com.br',1630,0),(728,'Welma Geane Rodrigues Dos Santos','01021364401','welmageane35@gmail.com',1636,0),(729,'André Atanasio Maranhão Almeida','03453536410','andre.almeida@ifpb.edu.br',578,0),(730,'Alber Jonathas Paz','09657051452','alberjonathas@gmail.com',1638,0),(731,'João Victor Da Cunha Oliveira','10900243473','joaovictorwo@gmail.com',611,0),(732,'Jocélia Da Hora Oliveira','10973138408','joceliahora@gmail.com',1646,0),(733,'Alefe De Lima Moreira','71089830440','delimaalefe@gmail.com',1528,0),(734,'Antonio Isaac Luna Lacerda','05458393430','isaac.cardoso@gmail.com',758,0),(735,'Victor Samuel De Almeida Lopes','70963270451','victor.saallo2000@gmail.com',1657,0),(736,'Guilherme Rodrigues Nazário','11303080494','nazarioautomacao@gmail.com',287,0),(737,'Joseli Maria Da Silva','31132626404','joseliprofessora@gmail.com',731,0),(738,'Kennedy Flávio Lucena','45113394491','kennedy.lucena@ifpb.edu.br',1467,0),(739,'André Alencar Costa','70249919419','andre.alencar@academico.ifpb.edu.br',1565,0),(740,'Thyago Almeida Silveira','05198531480','thyago.silveira@gmail.com',177,0),(741,'Miqueas Galdino Santos','11321451474','miqueasgaldino@gmail.com',1693,0),(742,'Bruno Lima Oliveira','08428370435','henriquuebruno@gmail.com',292,0),(743,'Niara Fernandes Barbosa Formiga Dantas','06356074418','niaraformiga@gmail.com',1553,0),(744,'Samara Dos Santos Silva','10667624490','samarasilva.cz@gmail.com',465,0),(745,'Artur Moises Gonçalves Lourenço','07369879402','artur.lourenco@ifpb.edu.br',1242,0),(746,'Rodiney Santos','61852228334','marcelllobraga@hotmail.com',174,0),(747,'Aldcejam Martins Da Fonseca Junior','08615558485','aldcejamjunior@hotmail.com',448,0),(748,'Yngrid Keila Silva Cabral','08326445444','yngrid.tecinfo@gmail.com',1707,0),(749,'Neilson Mdeiros','05548270427','neilson.amedeiros@gmail.com',754,0),(750,'Jefferson Segundo De Lima','10337235414','jefferson_2seg@hotmail.com',1716,0),(751,'Girlene Marques Formiga','67623824449','girlene.formiga@ifpb.edu.br',6,0);
/*!40000 ALTER TABLE `participante` ENABLE KEYS */;
UNLOCK TABLES;

--
-- Table structure for table `participante_evento`
--

DROP TABLE IF EXISTS `participante_evento`;
/*!40101 SET @saved_cs_client     = @@character_set_client */;
/*!40101 SET character_set_client = utf8 */;
CREATE TABLE `participante_evento` (
  `id` int(11) NOT NULL AUTO_INCREMENT,
  `participante_id` int(11) NOT NULL,
  `evento_id` int(11) NOT NULL,
  `tipo_participante_evento_id` int(11) NOT NULL,
  PRIMARY KEY (`id`),
  KEY `participante_id` (`participante_id`),
  KEY `evento_id` (`evento_id`),
  KEY `tipo_participante_evento_id` (`tipo_participante_evento_id`),
  CONSTRAINT `participante_evento_ibfk_1` FOREIGN KEY (`participante_id`) REFERENCES `participante` (`id`),
  CONSTRAINT `participante_evento_ibfk_2` FOREIGN KEY (`evento_id`) REFERENCES `evento` (`id`),
  CONSTRAINT `participante_evento_ibfk_3` FOREIGN KEY (`tipo_participante_evento_id`) REFERENCES `tipo_participante_evento` (`id`)
) ENGINE=InnoDB AUTO_INCREMENT=645 DEFAULT CHARSET=utf8;
/*!40101 SET character_set_client = @saved_cs_client */;

--
-- Dumping data for table `participante_evento`
--

LOCK TABLES `participante_evento` WRITE;
/*!40000 ALTER TABLE `participante_evento` DISABLE KEYS */;
INSERT INTO `participante_evento` VALUES (1,1,2,1),(2,2,2,3),(3,3,2,1),(4,4,2,1),(5,5,2,1),(6,6,2,1),(7,7,2,1),(8,8,2,1),(9,9,2,1),(10,10,2,1),(11,11,2,3),(12,12,2,1),(13,13,2,1),(14,14,2,1),(15,15,2,1),(16,16,2,1),(17,17,2,1),(18,18,2,2),(19,19,2,1),(20,20,2,1),(21,21,2,1),(22,22,2,1),(23,23,2,1),(24,24,2,1),(25,25,2,3),(26,26,2,1),(27,27,2,1),(28,28,2,1),(29,29,2,1),(30,30,2,1),(31,31,2,1),(32,32,2,1),(33,33,2,1),(34,34,2,1),(35,35,2,1),(36,36,2,1),(37,37,2,2),(38,38,2,1),(39,39,2,1),(40,40,2,1),(41,41,2,2),(42,42,2,1),(43,43,2,1),(44,44,2,1),(45,45,2,1),(46,46,2,1),(47,47,2,1),(48,48,2,1),(49,49,2,1),(50,50,2,1),(51,51,2,1),(52,52,2,1),(53,53,2,1),(54,54,2,1),(55,55,2,1),(56,56,2,1),(57,57,2,1),(58,58,2,1),(59,59,2,1),(60,60,2,1),(61,61,2,1),(62,62,2,1),(63,63,2,1),(64,64,2,1),(65,65,2,1),(66,66,2,1),(67,67,2,1),(68,68,2,1),(69,69,2,1),(70,70,2,1),(71,71,2,1),(72,72,2,1),(73,73,2,1),(74,74,2,1),(75,75,2,1),(76,76,2,1),(77,77,2,1),(78,78,2,1),(79,79,2,1),(80,80,2,1),(81,81,2,1),(82,82,2,1),(83,83,2,1),(84,84,2,1),(85,85,2,1),(86,86,2,1),(87,87,2,1),(88,88,2,1),(89,89,2,1),(90,90,2,1),(91,91,2,1),(92,92,2,1),(93,93,2,1),(94,94,2,1),(95,95,2,1),(96,96,2,1),(97,97,2,1),(98,98,2,1),(99,99,2,1),(100,100,2,1),(101,101,2,1),(102,102,2,1),(103,103,2,1),(104,104,2,1),(105,105,2,1),(106,106,2,1),(107,107,2,1),(108,108,2,1),(109,109,2,1),(110,110,2,1),(111,111,2,1),(112,112,2,1),(113,113,2,1),(114,114,2,1),(115,115,2,1),(116,116,2,1),(117,117,2,1),(118,118,2,1),(119,119,2,1),(120,120,2,1),(121,121,2,1),(122,122,2,1),(123,123,2,1),(124,124,2,1),(125,125,2,1),(126,126,2,1),(127,127,2,1),(128,128,2,1),(129,129,2,1),(130,130,2,1),(131,131,2,2),(132,132,2,1),(133,133,2,1),(134,134,2,1),(135,135,2,5),(136,136,2,1),(137,137,2,1),(138,138,2,1),(139,139,2,5),(140,140,2,2),(141,141,2,5),(142,142,2,1),(143,143,2,1),(144,144,2,1),(145,145,2,1),(146,146,2,2),(147,147,2,1),(148,148,2,1),(149,149,2,1),(150,150,2,1),(151,151,2,1),(152,152,2,1),(153,153,2,1),(154,154,2,1),(155,155,2,1),(156,156,2,2),(157,157,2,1),(158,158,2,1),(159,159,2,1),(160,160,2,1),(161,161,2,1),(162,162,2,1),(163,163,2,1),(164,164,2,1),(165,165,2,1),(166,166,2,1),(167,167,2,1),(168,168,2,1),(169,169,2,1),(170,170,2,1),(171,171,2,1),(172,172,2,1),(173,173,2,1),(174,174,2,1),(175,175,2,1),(176,176,2,1),(177,177,2,1),(178,178,2,1),(179,179,2,1),(180,180,2,1),(181,181,2,1),(182,182,2,1),(183,183,2,1),(184,184,2,1),(185,185,2,2),(186,186,2,1),(187,187,2,1),(188,188,2,1),(189,189,2,1),(190,190,2,1),(191,191,2,1),(192,192,2,1),(193,193,2,1),(194,194,2,1),(195,195,2,1),(196,196,2,1),(197,197,2,1),(198,198,2,1),(199,199,2,1),(200,200,2,1),(201,201,2,3),(202,202,2,1),(203,203,2,1),(204,204,2,1),(205,205,2,1),(206,206,2,2),(207,207,2,1),(208,208,2,1),(209,209,2,1),(210,210,2,1),(211,211,2,1),(212,212,2,1),(213,213,2,1),(214,214,2,1),(215,215,2,1),(216,216,2,1),(217,217,2,1),(218,218,2,1),(219,219,2,1),(220,220,2,1),(221,221,2,1),(222,222,2,1),(223,223,2,1),(224,224,2,1),(225,225,2,1),(226,226,2,1),(227,227,2,1),(228,228,2,1),(229,229,2,1),(230,230,2,1),(231,231,2,1),(232,232,2,2),(233,233,2,1),(234,234,2,1),(235,235,2,2),(236,236,2,1),(237,237,2,1),(238,238,2,1),(239,239,2,1),(240,240,2,2),(241,241,2,1),(242,242,2,1),(243,243,2,1),(244,244,2,1),(245,245,2,1),(246,246,2,1),(247,247,2,1),(248,248,2,1),(249,249,2,1),(250,250,2,1),(251,251,2,2),(252,252,2,1),(253,253,2,1),(254,254,2,1),(255,255,2,1),(256,256,2,1),(257,257,2,1),(258,258,2,1),(259,259,2,1),(260,260,2,1),(261,261,2,1),(262,262,2,1),(263,263,2,1),(264,264,2,1),(265,265,2,1),(266,266,2,1),(267,267,2,1),(268,268,2,1),(269,269,2,1),(270,270,2,1),(271,271,2,1),(272,272,2,1),(273,273,2,1),(274,274,2,1),(275,275,2,1),(276,276,2,1),(277,277,2,1),(278,278,2,1),(279,279,2,1),(280,280,2,1),(281,281,2,1),(282,282,2,1),(283,283,2,1),(284,284,2,1),(285,285,2,1),(286,286,2,1),(287,287,2,1),(288,288,2,1),(289,289,2,1),(290,290,2,1),(291,291,2,1),(292,292,2,1),(293,293,2,1),(294,294,2,1),(295,295,2,1),(296,296,2,1),(297,297,2,1),(298,298,2,1),(299,299,2,1),(300,300,2,1),(301,301,2,1),(302,302,2,1),(303,303,2,1),(304,304,2,1),(305,305,2,1),(306,306,2,1),(307,307,2,1),(308,308,2,1),(309,309,2,1),(310,310,2,1),(311,311,2,1),(312,312,2,1),(313,313,2,1),(314,314,2,1),(315,315,2,1),(316,316,2,1),(317,317,2,1),(318,318,2,1),(319,319,2,1),(320,320,2,1),(321,321,2,1),(322,322,2,1),(323,323,2,1),(324,324,2,1),(325,325,2,1),(326,326,2,1),(327,327,2,1),(328,328,2,1),(329,329,2,1),(330,330,2,1),(331,331,2,1),(332,332,2,1),(333,333,2,1),(334,334,2,1),(335,335,2,1),(336,336,2,1),(337,337,2,2),(338,338,2,1),(339,339,2,1),(340,340,2,1),(341,341,2,1),(342,342,2,1),(343,343,2,1),(344,344,2,1),(345,345,2,1),(346,346,2,1),(347,347,2,1),(348,348,2,1),(349,349,2,1),(350,350,2,1),(351,351,2,1),(352,352,2,1),(353,353,2,1),(354,354,2,1),(355,355,2,1),(356,356,2,1),(357,357,2,1),(358,358,2,1),(359,359,2,1),(360,360,2,1),(361,361,2,1),(362,362,2,1),(363,363,2,1),(364,364,2,1),(365,365,2,1),(366,366,2,1),(367,367,2,1),(368,368,2,2),(369,369,2,1),(370,370,2,1),(371,371,2,1),(372,372,2,1),(373,373,2,1),(374,374,2,1),(375,375,2,1),(376,376,2,1),(377,377,2,1),(378,378,2,1),(379,379,2,1),(380,380,2,1),(381,381,2,1),(382,382,2,1),(383,383,2,1),(384,384,2,1),(385,385,2,1),(386,386,2,4),(387,387,2,1),(388,388,2,1),(389,389,2,1),(390,390,2,1),(391,391,2,1),(392,392,2,1),(393,393,2,1),(394,394,2,1),(395,395,2,1),(396,396,2,1),(397,397,2,3),(398,398,2,1),(399,399,2,1),(400,400,2,1),(401,401,2,1),(402,402,2,1),(403,403,2,1),(404,404,2,1),(405,405,2,1),(406,406,2,1),(407,407,2,1),(408,408,2,1),(409,409,2,1),(410,410,2,1),(411,411,2,1),(412,412,2,1),(413,413,2,1),(414,414,2,1),(415,415,2,1),(416,416,2,1),(417,417,2,1),(418,418,2,1),(419,419,2,1),(420,420,2,1),(421,421,2,1),(422,422,2,1),(423,423,2,1),(424,424,2,1),(425,425,2,1),(426,426,2,1),(427,427,2,1),(428,428,2,1),(429,429,2,1),(430,430,2,1),(431,431,2,2),(432,432,2,1),(433,433,2,1),(434,434,2,1),(435,435,2,1),(436,436,2,1),(437,437,2,1),(438,438,2,1),(439,439,2,1),(440,440,2,2),(441,441,2,1),(442,442,2,2),(443,443,2,3),(444,444,2,1),(445,445,2,1),(446,446,2,1),(447,447,2,1),(448,448,2,1),(449,449,2,1),(450,450,2,1),(451,451,2,1),(452,452,2,1),(453,453,2,1),(454,454,2,1),(455,455,2,1),(456,456,2,1),(457,457,2,1),(458,458,2,1),(459,459,2,1),(460,460,2,1),(461,461,2,1),(462,462,2,1),(463,463,2,1),(464,464,2,1),(465,465,2,1),(466,466,2,1),(467,467,2,1),(468,468,2,1),(469,469,2,1),(470,470,2,1),(471,471,2,1),(472,472,2,1),(473,473,2,1),(474,474,2,1),(475,475,2,1),(476,476,2,1),(477,477,2,1),(478,478,2,1),(479,479,2,1),(480,480,2,1),(481,481,2,1),(482,482,2,1),(483,483,2,1),(484,484,2,1),(485,485,2,1),(486,486,2,1),(487,487,2,1),(488,488,2,1),(489,489,2,1),(490,490,2,1),(491,491,2,1),(492,492,2,1),(493,493,2,1),(494,494,2,1),(495,495,2,1),(496,496,2,1),(497,497,2,1),(498,498,2,1),(499,499,2,1),(500,500,2,1),(501,501,2,1),(502,502,2,1),(503,503,2,1),(504,504,2,1),(505,505,2,1),(506,506,2,1),(507,507,2,1),(508,508,2,1),(509,509,2,1),(510,510,2,1),(511,511,2,1),(512,512,2,1),(513,513,2,1),(514,514,2,1),(515,515,2,1),(516,516,2,1),(517,517,2,1),(518,518,2,1),(519,519,2,1),(520,520,2,1),(521,521,2,1),(522,522,2,1),(523,523,2,1),(524,524,2,1),(525,525,2,1),(526,526,2,1),(527,527,2,1),(528,528,2,1),(529,529,2,1),(530,530,2,1),(531,531,2,1),(532,532,2,1),(533,533,2,1),(534,534,2,1),(535,535,2,1),(536,536,2,1),(537,537,2,1),(538,538,2,1),(539,539,2,1),(540,540,2,1),(541,541,2,1),(542,542,2,1),(543,543,2,1),(544,544,2,1),(545,545,2,4),(546,546,2,1),(547,547,2,1),(548,548,2,1),(549,549,2,2),(550,550,2,1),(551,551,2,1),(552,552,2,1),(553,553,2,1),(554,554,2,1),(555,555,2,1),(556,556,2,1),(557,557,2,4),(558,558,2,4),(559,559,2,4),(560,560,2,4),(561,561,2,4),(562,562,2,4),(563,563,2,4),(564,564,2,4),(565,565,2,1),(566,566,2,1),(567,567,2,1),(568,568,2,4),(569,569,2,1),(570,570,2,1),(571,571,2,1),(572,572,2,1),(573,573,2,1),(574,574,2,1),(575,575,2,1),(576,576,2,1),(577,577,2,1),(578,578,2,1),(579,579,2,1),(580,580,2,1),(581,581,2,4),(582,582,2,1),(583,583,2,1),(584,584,2,1),(585,585,2,1),(586,586,2,1),(587,587,2,1),(588,588,2,3),(589,589,2,1),(590,590,2,1),(591,591,2,1),(592,592,2,1),(593,593,2,1),(594,594,2,1),(595,595,2,1),(596,596,2,3),(597,597,2,1),(598,598,2,1),(599,599,2,1),(600,600,2,1),(601,601,2,3),(602,602,2,1),(603,603,2,3),(604,604,2,1),(605,605,2,1),(606,606,2,1),(607,607,2,1),(608,608,2,1),(609,609,2,1),(610,610,2,3),(611,611,2,1),(612,612,2,1),(613,613,2,1),(614,614,2,3),(615,615,2,1),(616,616,2,1),(617,617,2,1),(618,618,2,1),(619,619,2,1),(620,620,2,1),(621,621,2,1),(622,622,2,1),(623,623,2,1),(624,624,2,1),(625,625,2,1),(626,626,2,1),(627,627,2,1),(628,628,2,1),(629,629,2,1),(630,630,2,1),(631,631,2,1),(632,632,2,1),(633,633,2,1),(634,634,2,5),(635,635,2,5),(636,636,2,1),(637,637,2,1),(638,638,2,1),(639,639,2,1),(640,640,2,1),(641,641,2,1),(642,642,2,1),(643,751,9,6),(644,23,9,6);
/*!40000 ALTER TABLE `participante_evento` ENABLE KEYS */;
UNLOCK TABLES;

--
-- Table structure for table `participante_evento_checkin`
--

DROP TABLE IF EXISTS `participante_evento_checkin`;
/*!40101 SET @saved_cs_client     = @@character_set_client */;
/*!40101 SET character_set_client = utf8 */;
CREATE TABLE `participante_evento_checkin` (
  `participante_evento_id` int(11) NOT NULL,
  `usuario_id` int(11) DEFAULT NULL,
  `entrada` datetime DEFAULT NULL,
  PRIMARY KEY (`participante_evento_id`),
  KEY `usuario_id` (`usuario_id`),
  CONSTRAINT `participante_evento_checkin_ibfk_1` FOREIGN KEY (`participante_evento_id`) REFERENCES `participante_evento` (`id`),
  CONSTRAINT `participante_evento_checkin_ibfk_2` FOREIGN KEY (`usuario_id`) REFERENCES `usuario` (`id`)
) ENGINE=InnoDB DEFAULT CHARSET=utf8;
/*!40101 SET character_set_client = @saved_cs_client */;

--
-- Dumping data for table `participante_evento_checkin`
--

LOCK TABLES `participante_evento_checkin` WRITE;
/*!40000 ALTER TABLE `participante_evento_checkin` DISABLE KEYS */;
/*!40000 ALTER TABLE `participante_evento_checkin` ENABLE KEYS */;
UNLOCK TABLES;

--
-- Table structure for table `predio`
--

DROP TABLE IF EXISTS `predio`;
/*!40101 SET @saved_cs_client     = @@character_set_client */;
/*!40101 SET character_set_client = utf8 */;
CREATE TABLE `predio` (
  `id` int(11) NOT NULL AUTO_INCREMENT,
  `nome` varchar(255) NOT NULL,
  `descricao` text,
  `ocs_predio_id` int(11) DEFAULT NULL,
  `is_deleted` tinyint(1) DEFAULT '0',
  PRIMARY KEY (`id`)
) ENGINE=InnoDB AUTO_INCREMENT=9 DEFAULT CHARSET=utf8;
/*!40101 SET character_set_client = @saved_cs_client */;

--
-- Dumping data for table `predio`
--

LOCK TABLES `predio` WRITE;
/*!40000 ALTER TABLE `predio` DISABLE KEYS */;
INSERT INTO `predio` VALUES (1,'Central de Aulas','',3,0),(2,'Auditório Ana Cláudia Mousinho Ferreira','',4,0),(3,'Área de Vivências','',5,0),(4,'Rol das Placas','',6,0),(5,'Pavilhão de Congressos e Convenções','Prédio para realização de Eventos do Centro de Convenções de João Pessoa.',9,0),(6,'Auditório José Marques','Ao lado do pátio.',0,0),(7,'Bloco de TI','Minicursos de computação',0,0),(8,'Reitoria IFPB','Casa rosada',0,0);
/*!40000 ALTER TABLE `predio` ENABLE KEYS */;
UNLOCK TABLES;

--
-- Table structure for table `predio_evento`
--

DROP TABLE IF EXISTS `predio_evento`;
/*!40101 SET @saved_cs_client     = @@character_set_client */;
/*!40101 SET character_set_client = utf8 */;
CREATE TABLE `predio_evento` (
  `id` int(11) NOT NULL AUTO_INCREMENT,
  `predio_id` int(11) NOT NULL,
  `evento_id` int(11) NOT NULL,
  PRIMARY KEY (`id`),
  KEY `predio_id` (`predio_id`),
  KEY `evento_id` (`evento_id`),
  CONSTRAINT `predio_evento_ibfk_1` FOREIGN KEY (`predio_id`) REFERENCES `predio` (`id`),
  CONSTRAINT `predio_evento_ibfk_2` FOREIGN KEY (`evento_id`) REFERENCES `evento` (`id`)
) ENGINE=InnoDB AUTO_INCREMENT=9 DEFAULT CHARSET=utf8;
/*!40101 SET character_set_client = @saved_cs_client */;

--
-- Dumping data for table `predio_evento`
--

LOCK TABLES `predio_evento` WRITE;
/*!40000 ALTER TABLE `predio_evento` DISABLE KEYS */;
INSERT INTO `predio_evento` VALUES (1,1,1),(2,2,1),(3,3,1),(4,4,1),(5,5,2),(6,6,6),(7,8,6),(8,7,6);
/*!40000 ALTER TABLE `predio_evento` ENABLE KEYS */;
UNLOCK TABLES;

--
-- Table structure for table `sala`
--

DROP TABLE IF EXISTS `sala`;
/*!40101 SET @saved_cs_client     = @@character_set_client */;
/*!40101 SET character_set_client = utf8 */;
CREATE TABLE `sala` (
  `id` int(11) NOT NULL AUTO_INCREMENT,
  `predio_id` int(11) NOT NULL,
  `nome` varchar(255) NOT NULL,
  `descricao` text,
  `cor` varchar(6) DEFAULT NULL,
  `capacidade` int(11) DEFAULT NULL,
  `is_deleted` tinyint(1) DEFAULT '0',
  `ocs_sala_id` int(11) DEFAULT NULL,
  PRIMARY KEY (`id`),
  KEY `predio_id` (`predio_id`),
  CONSTRAINT `sala_ibfk_1` FOREIGN KEY (`predio_id`) REFERENCES `predio` (`id`)
) ENGINE=InnoDB AUTO_INCREMENT=60 DEFAULT CHARSET=utf8;
/*!40101 SET character_set_client = @saved_cs_client */;

--
-- Dumping data for table `sala`
--

LOCK TABLES `sala` WRITE;
/*!40000 ALTER TABLE `sala` DISABLE KEYS */;
INSERT INTO `sala` VALUES (1,1,'Sala Zé da Luz','','ffffff',0,0,4),(2,1,'Sala Ascendino Leite','','ffffff',0,0,5),(3,1,'Sala Jessier Quirino','','ffffff',0,0,6),(4,1,'Sala Fidélia Cassandra','','ffffff',0,0,7),(5,1,'Sala Maria Valéria Rezende','','ffffff',0,0,8),(6,1,'Sala Manoel Monteiro','','ffffff',0,0,9),(7,1,'Sala Augusto dos Anjos','','ffffff',0,0,10),(8,1,'Sala Mercedes cavalcanti','','ffffff',0,0,11),(9,1,'Sala Lourdes Ramalho','','ffffff',0,0,12),(10,1,'Sala José Lins do Rêgo','','ffffff',0,0,13),(11,1,'Sala Efigênio Moura','','ffffff',0,0,14),(12,1,'Sala Hidelberto Barbosa Filho','','ffffff',0,0,15),(13,5,'Auditório','Auditório principal.','ffffff',0,0,20),(14,5,'Sala A - Praia de Cabo Branco','','ffffff',0,0,21),(15,5,'Ball Room - Sala B - Praia de Tambaú','','ffffff',0,0,22),(16,5,'Ball Room - Sala C - Praia de Manaíra','','ffffff',0,0,23),(17,5,'Ball Room - Sala D - Praia do Bessa','','ffffff',0,0,24),(18,5,'Totem digital 1','Totem para apresentações dos Trabalhos.','2c2e83',0,0,37),(19,5,'Totem digital 2','Totem para apresentações dos Trabalhos.','2c2e83',0,0,38),(20,5,'Totem digital 3','Totem para apresentações dos Trabalhos.','2c2e83',0,0,39),(21,5,'Totem digital 4','Totem para apresentações dos Trabalhos.','2c2e83',0,0,40),(22,5,'Totem digital 5','Totem para apresentações dos Trabalhos.','2c2e83',0,0,41),(23,5,'Totem digital 6','Totem para apresentações dos Trabalhos.','2c2e83',0,0,42),(24,5,'Totem digital 7','Totem para apresentações dos Trabalhos.','2c2e83',0,0,43),(25,5,'Totem digital 9','Totem para apresentações dos Trabalhos.','2c2e83',0,0,44),(26,5,'Totem digital 10','Totem para apresentações dos Trabalhos.','2c2e83',0,0,45),(27,5,'Totem digital 11','TOTEM PARA APRESENTAÇÕES DOS TRABALHOS.','2c2e83',0,0,46),(28,5,'Totem digital 12','TOTEM PARA APRESENTAÇÕES DOS TRABALHOS.','2c2e83',0,0,47),(29,5,'Totem digital 13','TOTEM PARA APRESENTAÇÕES DOS TRABALHOS.','2c2e83',0,0,48),(30,5,'Totem digital 14','TOTEM PARA APRESENTAÇÕES DOS TRABALHOS.','2c2e83',0,0,49),(31,5,'Totem digital 15','TOTEM PARA APRESENTAÇÕES DOS TRABALHOS.','2c2e83',0,0,50),(32,5,'Totem digital 16','TOTEM PARA APRESENTAÇÕES DOS TRABALHOS.','2c2e83',0,0,51),(33,5,'Totem digital 17','TOTEM PARA APRESENTAÇÕES DOS TRABALHOS.','2c2e83',0,0,52),(34,5,'Totem digital 18','TOTEM PARA APRESENTAÇÕES DOS TRABALHOS.','2c2e83',0,0,53),(35,5,'Totem digital 19','TOTEM PARA APRESENTAÇÕES DOS TRABALHOS.','2c2e83',0,0,54),(36,5,'Totem digital 20','TOTEM PARA APRESENTAÇÕES DOS TRABALHOS.','2c2e83',0,0,55),(37,5,'Totem digital 21','TOTEM PARA APRESENTAÇÕES DOS TRABALHOS.','2c2e83',0,0,56),(38,5,'Totem digital 22','TOTEM PARA APRESENTAÇÕES DOS TRABALHOS.','2c2e83',0,0,57),(39,5,'Totem digital 23','TOTEM PARA APRESENTAÇÕES DOS TRABALHOS.','2c2e83',0,0,58),(40,5,'Totem digital 24','TOTEM PARA APRESENTAÇÕES DOS TRABALHOS.','2c2e83',0,0,59),(41,5,'Totem digital 25','TOTEM PARA APRESENTAÇÕES DOS TRABALHOS.','2c2e83',0,0,60),(42,5,'Totem digital 26','TOTEM PARA APRESENTAÇÕES DOS TRABALHOS.','2c2e83',0,0,61),(43,5,'Totem digital 27','TOTEM PARA APRESENTAÇÕES DOS TRABALHOS.','2c2e83',0,0,62),(44,5,'Totem digital 28','TOTEM PARA APRESENTAÇÕES DOS TRABALHOS.','2c2e83',0,0,63),(45,5,'Totem digital 29','TOTEM PARA APRESENTAÇÕES DOS TRABALHOS.','2c2e83',0,0,64),(46,5,'Totem digital 30','TOTEM PARA APRESENTAÇÕES DOS TRABALHOS.','2c2e83',0,0,65),(47,5,'Totem digital 8','Totem para apresentações dos Trabalhos.','2c2e83',0,0,66),(48,5,'Sala Praia de Intermares','Praia de Intermares','db833b',0,0,67),(49,5,'Sala Praia de Coquerinho','Sala Praia de Coquerinho','1d70b7',0,0,0),(50,5,'Hall','Hall principal','8abeeb',2000,0,0),(51,5,'Teatro Pedra do Reino','Teatro Pedra do Reino','1f9c38',2000,0,0),(52,5,'Sala Praia de Carapibus','Sala SINTIF','99913c',60,0,0),(53,5,'Sala Praia do Amor','Sala Praia do Amor','b2cbf0',0,0,0),(54,5,'Sala Praia de Tabatinga','Sala Praia de Tabatinga','b2cbf0',0,0,0),(55,5,'SALA ESPAÇO INTEGRATIVO','ESPAÇO INTEGRATIVO','ff0000',0,0,0),(56,7,'Sala de informática 1','Minicurso 1','ff0000',30,0,0),(57,7,'Sala de informática 2','Minicurso 2','ff0000',40,0,0),(58,8,'Auditório principal','Na entrada','ff0000',150,0,0),(59,7,'Sala de informática 3','Minicurso 3','ff0000',40,0,0);
/*!40000 ALTER TABLE `sala` ENABLE KEYS */;
UNLOCK TABLES;

--
-- Table structure for table `tipo_participante_evento`
--

DROP TABLE IF EXISTS `tipo_participante_evento`;
/*!40101 SET @saved_cs_client     = @@character_set_client */;
/*!40101 SET character_set_client = utf8 */;
CREATE TABLE `tipo_participante_evento` (
  `id` int(11) NOT NULL AUTO_INCREMENT,
  `nome` varchar(50) NOT NULL,
  `evento_id` int(11) NOT NULL,
  `ocs_tipo_participante_id` int(11) DEFAULT NULL,
  PRIMARY KEY (`id`),
  KEY `evento_id` (`evento_id`),
  CONSTRAINT `tipo_participante_evento_ibfk_1` FOREIGN KEY (`evento_id`) REFERENCES `evento` (`id`)
) ENGINE=InnoDB AUTO_INCREMENT=8 DEFAULT CHARSET=utf8;
/*!40101 SET character_set_client = @saved_cs_client */;

--
-- Dumping data for table `tipo_participante_evento`
--

LOCK TABLES `tipo_participante_evento` WRITE;
/*!40000 ALTER TABLE `tipo_participante_evento` DISABLE KEYS */;
INSERT INTO `tipo_participante_evento` VALUES (1,'Ouvinte (II Simpif e IV Sintif)',2,7),(2,'Palestrante / Oficineiro',2,8),(3,'Avaliador da apresentação dos Trabalhos',2,11),(4,'Competidores da Robótica',2,12),(5,'Mostra Tecnológica',2,13),(6,'Ouvinte',9,22),(7,'Minicurso - Teste',9,23);
/*!40000 ALTER TABLE `tipo_participante_evento` ENABLE KEYS */;
UNLOCK TABLES;

--
-- Table structure for table `trilha`
--

DROP TABLE IF EXISTS `trilha`;
/*!40101 SET @saved_cs_client     = @@character_set_client */;
/*!40101 SET character_set_client = utf8 */;
CREATE TABLE `trilha` (
  `id` int(11) NOT NULL AUTO_INCREMENT,
  `nome` varchar(150) DEFAULT NULL,
  `is_deleted` tinyint(1) DEFAULT '0',
  PRIMARY KEY (`id`)
) ENGINE=InnoDB AUTO_INCREMENT=16 DEFAULT CHARSET=utf8;
/*!40101 SET character_set_client = @saved_cs_client */;

--
-- Dumping data for table `trilha`
--

LOCK TABLES `trilha` WRITE;
/*!40000 ALTER TABLE `trilha` DISABLE KEYS */;
INSERT INTO `trilha` VALUES (1,'Apresentação - Banner Digital',0),(2,'Minicurso',0),(3,'Oficina',0),(4,'Palestra Temática',0),(5,'Competição',0),(6,'Exposição de Livros',0),(7,'Apresentação - Oral',0),(8,'Mesa Redonda',0),(9,'Inventos e Inventores',0),(10,'Educação e Inovação',0),(11,'Instituição e Empresas',0),(12,'Credenciamento',0),(13,'Abertura',0),(14,'Trabalhos de Pós-graduação',0),(15,'Espaço Integrativo',0);
/*!40000 ALTER TABLE `trilha` ENABLE KEYS */;
UNLOCK TABLES;

--
-- Table structure for table `trilha_evento`
--

DROP TABLE IF EXISTS `trilha_evento`;
/*!40101 SET @saved_cs_client     = @@character_set_client */;
/*!40101 SET character_set_client = utf8 */;
CREATE TABLE `trilha_evento` (
  `id` int(11) NOT NULL AUTO_INCREMENT,
  `trilha_id` int(11) NOT NULL,
  `evento_id` int(11) NOT NULL,
  PRIMARY KEY (`id`),
  KEY `trilha_id` (`trilha_id`),
  KEY `evento_id` (`evento_id`),
  CONSTRAINT `trilha_evento_ibfk_1` FOREIGN KEY (`trilha_id`) REFERENCES `trilha` (`id`),
  CONSTRAINT `trilha_evento_ibfk_2` FOREIGN KEY (`evento_id`) REFERENCES `evento` (`id`)
) ENGINE=InnoDB AUTO_INCREMENT=22 DEFAULT CHARSET=utf8;
/*!40101 SET character_set_client = @saved_cs_client */;

--
-- Dumping data for table `trilha_evento`
--

LOCK TABLES `trilha_evento` WRITE;
/*!40000 ALTER TABLE `trilha_evento` DISABLE KEYS */;
INSERT INTO `trilha_evento` VALUES (1,1,2),(2,2,2),(3,3,2),(4,4,2),(5,7,2),(6,6,2),(7,5,2),(8,8,2),(9,12,2),(10,13,2),(11,9,5),(12,10,5),(13,11,5),(14,14,2),(15,15,2),(17,13,6),(18,2,6),(19,3,6),(20,4,6),(21,8,6);
/*!40000 ALTER TABLE `trilha_evento` ENABLE KEYS */;
UNLOCK TABLES;

--
-- Table structure for table `turno`
--

DROP TABLE IF EXISTS `turno`;
/*!40101 SET @saved_cs_client     = @@character_set_client */;
/*!40101 SET character_set_client = utf8 */;
CREATE TABLE `turno` (
  `id` int(11) NOT NULL AUTO_INCREMENT,
  PRIMARY KEY (`id`)
) ENGINE=InnoDB DEFAULT CHARSET=utf8;
/*!40101 SET character_set_client = @saved_cs_client */;

--
-- Dumping data for table `turno`
--

LOCK TABLES `turno` WRITE;
/*!40000 ALTER TABLE `turno` DISABLE KEYS */;
/*!40000 ALTER TABLE `turno` ENABLE KEYS */;
UNLOCK TABLES;

--
-- Table structure for table `usuario`
--

DROP TABLE IF EXISTS `usuario`;
/*!40101 SET @saved_cs_client     = @@character_set_client */;
/*!40101 SET character_set_client = utf8 */;
CREATE TABLE `usuario` (
  `id` int(11) NOT NULL AUTO_INCREMENT,
  `login` varchar(40) DEFAULT NULL,
  `senha` varchar(255) DEFAULT NULL,
  PRIMARY KEY (`id`)
) ENGINE=InnoDB AUTO_INCREMENT=2 DEFAULT CHARSET=utf8;
/*!40101 SET character_set_client = @saved_cs_client */;

--
-- Dumping data for table `usuario`
--

LOCK TABLES `usuario` WRITE;
/*!40000 ALTER TABLE `usuario` DISABLE KEYS */;
INSERT INTO `usuario` VALUES (1,'admin','pbkdf2:sha256:50000$cP1FNukc$2c623fc77f945a53a39d2412cdf8a9031387c165b0a6c9ed3bbba7be21827f4a');
/*!40000 ALTER TABLE `usuario` ENABLE KEYS */;
UNLOCK TABLES;
/*!40103 SET TIME_ZONE=@OLD_TIME_ZONE */;

/*!40101 SET SQL_MODE=@OLD_SQL_MODE */;
/*!40014 SET FOREIGN_KEY_CHECKS=@OLD_FOREIGN_KEY_CHECKS */;
/*!40014 SET UNIQUE_CHECKS=@OLD_UNIQUE_CHECKS */;
/*!40101 SET CHARACTER_SET_CLIENT=@OLD_CHARACTER_SET_CLIENT */;
/*!40101 SET CHARACTER_SET_RESULTS=@OLD_CHARACTER_SET_RESULTS */;
/*!40101 SET COLLATION_CONNECTION=@OLD_COLLATION_CONNECTION */;
/*!40111 SET SQL_NOTES=@OLD_SQL_NOTES */;

-- Dump completed on 2019-11-20 12:18:01
